Requested Location,State,Competitor,Actual Available Location,Producer zone label,Distance km,Distance/Reason,Match tier,Status,Second candidate,Crosses state border,Flags,System today (after HPL fix)
ABU ROAD,Rajasthan,IOCL,Udaipur,Udaipur,95,"95 km straight-line, same state; HPL Annexure V puts both in one price point",Inferred Location Match,Approved for Phase 1 (HPL-corroborated),,,,unresolved
ABU ROAD,Rajasthan,RIL,Udaipur,UDAIPUR,95,"95 km straight-line, same state; HPL Annexure V puts both in one price point",Inferred Location Match,Approved for Phase 1 (HPL-corroborated),,,,unresolved
ABU ROAD,Rajasthan,HMEL,Udaipur,Udaipur,95,"95 km straight-line, same state; HPL Annexure V puts both in one price point",Inferred Location Match,Approved for Phase 1 (HPL-corroborated),,,,unresolved
ABU ROAD,Rajasthan,HPL,Kota,Rajasthan_Kota,318,"318 km, HPL's own territory list (Annexure V): Sirohi district -> Rajasthan_Kota",Territory Match,Approved for Phase 1,,,,unresolved
ABU ROAD,Rajasthan,OPaL,Udaipur,Udaipur,95,"95 km straight-line, same state; HPL Annexure V puts both in one price point",Inferred Location Match,Approved for Phase 1 (HPL-corroborated),,,,unresolved
AGARTALA,Tripura,IOCL,Guwahati,Guwahati,265,265 km straight-line; crosses into Assam,Inferred Location Match,No replacement,,yes,crosses into Assam,unresolved
AGARTALA,Tripura,HMEL,Guwahati,Guwahati,265,265 km straight-line; crosses into Assam,Inferred Location Match,No replacement,,yes,crosses into Assam,unresolved
AGARTALA,Tripura,HPL,NE states (state-wide zone),Meghalaya & NE States,,zone covers all of Tripura,Territory Match,Approved for Phase 1,,,,unresolved
AGRA,Uttar Pradesh,IOCL,Mathura,Mathura,49,"49 km straight-line, same state; HPL Annexure V puts both in one price point",Inferred Location Match,Approved for Phase 1 (HPL-corroborated),,,,inferred_via_hpl -> Mathura
AGRA,Uttar Pradesh,HPL,Mathura,Uttar Pradesh_Mathura,49,"49 km, HPL's own territory list (Annexure V): listed district -> Uttar Pradesh_Mathura",Territory Match,Approved for Phase 1,,,,published_map -> Uttar Pradesh_Mathura
AHMEDNAGAR,Maharashtra,IOCL,Aurangabad,Aurangabad,108,"108 km straight-line, same state; runner-up Pune (113 km); HPL puts the town in the same price point as Pune (113 km)",Inferred Location Match,Confirm,Pune (113 km),,runner-up Pune (113 km); HPL puts the town in the same price point as Pune (113 km),inferred_via_hpl -> Pune
AHMEDNAGAR,Maharashtra,RIL,Aurangabad,AURANGBDMH,108,"108 km straight-line, same state; runner-up Pune (113 km); HPL puts the town in the same price point as Pune (113 km)",Inferred Location Match,Confirm,Pune (113 km),,runner-up Pune (113 km); HPL puts the town in the same price point as Pune (113 km),inferred_via_hpl -> PUNE
AHMEDNAGAR,Maharashtra,HMEL,Aurangabad,Aurangabad,108,"108 km straight-line, same state; runner-up Pune (113 km); HPL puts the town in the same price point as Pune (113 km)",Inferred Location Match,Confirm,Pune (113 km),,runner-up Pune (113 km); HPL puts the town in the same price point as Pune (113 km),inferred_via_hpl -> Pune
AHMEDNAGAR,Maharashtra,HPL,Pune,Maharashtra_Pune,113,"113 km, HPL's own territory list (Annexure V): listed district -> Maharashtra_Pune",Territory Match,Approved for Phase 1,,,,published_map -> Maharashtra_Pune
AHMEDNAGAR,Maharashtra,OPaL,Aurangabad,Aurangabad (MH),108,"108 km straight-line, same state; runner-up Pune (113 km); HPL puts the town in the same price point as Pune (113 km)",Inferred Location Match,Confirm,Pune (113 km),,runner-up Pune (113 km); HPL puts the town in the same price point as Pune (113 km),inferred_via_hpl -> Pune
AJMER,Rajasthan,IOCL,Jaipur,Jaipur,125,"125 km straight-line, same state; HPL Annexure V puts both in one price point",Inferred Location Match,Approved for Phase 1 (HPL-corroborated),,,,inferred_via_hpl -> Jaipur
AJMER,Rajasthan,RIL,Jaipur,JAIPUR,125,"125 km straight-line, same state; HPL Annexure V puts both in one price point",Inferred Location Match,Approved for Phase 1 (HPL-corroborated),,,,inferred_via_hpl -> JAIPUR
AJMER,Rajasthan,HPL,Jaipur,Rajasthan_Jaipur,125,"125 km, HPL's own territory list (Annexure V): listed district -> Rajasthan_Jaipur",Territory Match,Approved for Phase 1,,,,published_map -> Rajasthan_Jaipur
AJMER,Rajasthan,OPaL,Jaipur,Jaipur,125,"125 km straight-line, same state; HPL Annexure V puts both in one price point",Inferred Location Match,Approved for Phase 1 (HPL-corroborated),,,,inferred_via_hpl -> Jaipur
AKOLA,Maharashtra,IOCL,Jalgaon,Jalgaon,152,"152 km straight-line, same state; HPL puts the town in the same price point as Nagpur (222 km)",Inferred Location Match,Confirm,Nagpur (222 km),,HPL puts the town in the same price point as Nagpur (222 km),inferred_via_hpl -> Nagpur
AKOLA,Maharashtra,RIL,Jalgaon,JALGAON,152,"152 km straight-line, same state; HPL puts the town in the same price point as Nagpur (222 km)",Inferred Location Match,Confirm,Nagpur (222 km),,HPL puts the town in the same price point as Nagpur (222 km),inferred_via_hpl -> NAGPUR
AKOLA,Maharashtra,HMEL,Jalgaon,Jalgaon,152,"152 km straight-line, same state; HPL puts the town in the same price point as Nagpur (222 km)",Inferred Location Match,Confirm,Nagpur (222 km),,HPL puts the town in the same price point as Nagpur (222 km),inferred_via_hpl -> Nagpur
AKOLA,Maharashtra,HPL,Nagpur,Maharashtra_Nagpur,222,"222 km, HPL's own territory list (Annexure V): listed district -> Maharashtra_Nagpur",Territory Match,Approved for Phase 1,,,,published_map -> Maharashtra_Nagpur
AKOLA,Maharashtra,OPaL,Jalgaon,Jalgaon,152,"152 km straight-line, same state; HPL puts the town in the same price point as Nagpur (222 km)",Inferred Location Match,Confirm,Nagpur (222 km),,HPL puts the town in the same price point as Nagpur (222 km),inferred_via_hpl -> Nagpur
ALAPPUZHA,Kerala,IOCL,Kerala (state-wide zone),Kerala,,zone covers all of Kerala,Territory Match,Approved for Phase 1,,,,unresolved
ALAPPUZHA,Kerala,RIL,Kochi,COCHIN,51,"51 km straight-line, same state",Inferred Location Match,Approved for Phase 1,,,,unresolved
ALAPPUZHA,Kerala,HMEL,Kochi,Cochin,51,"51 km straight-line, same state",Inferred Location Match,Approved for Phase 1,,,,unresolved
ALAPPUZHA,Kerala,HPL,Kerala (state-wide zone),Kerala,,zone covers all of Kerala,Territory Match,Approved for Phase 1,,,,unresolved
ALAPPUZHA,Kerala,OPaL,Kochi,Cochin,51,"51 km straight-line, same state",Inferred Location Match,Approved for Phase 1,,,,unresolved
ALIGARH,Uttar Pradesh,IOCL,Mathura,Mathura,58,"58 km straight-line, same state; HPL Annexure V puts both in one price point",Inferred Location Match,Approved for Phase 1 (HPL-corroborated),,,,inferred_via_hpl -> Mathura
ALIGARH,Uttar Pradesh,RIL,Agra,AGRA,78,"78 km straight-line, same state; HPL Annexure V puts both in one price point",Inferred Location Match,Approved for Phase 1 (HPL-corroborated),,,,unresolved
ALIGARH,Uttar Pradesh,HMEL,Agra,Agra,78,"78 km straight-line, same state; HPL Annexure V puts both in one price point",Inferred Location Match,Approved for Phase 1 (HPL-corroborated),,,,unresolved
ALIGARH,Uttar Pradesh,HPL,Mathura,Uttar Pradesh_Mathura,58,"58 km, HPL's own territory list (Annexure V): listed district -> Uttar Pradesh_Mathura",Territory Match,Approved for Phase 1,,,,published_map -> Uttar Pradesh_Mathura
ALIGARH,Uttar Pradesh,OPaL,Agra,Agra,78,"78 km straight-line, same state; HPL Annexure V puts both in one price point",Inferred Location Match,Approved for Phase 1 (HPL-corroborated),,,,unresolved
ALLAHABAD,Uttar Pradesh,IOCL,Chandauli,Chandauli,145,"145 km straight-line, same state; HPL Annexure V puts both in one price point",Inferred Location Match,Approved for Phase 1 (HPL-corroborated),,,,unresolved
ALLAHABAD,Uttar Pradesh,RIL,Varanasi,VARANASI,118,"118 km straight-line, same state; HPL Annexure V puts both in one price point",Inferred Location Match,Approved for Phase 1 (HPL-corroborated),,,,unresolved
ALLAHABAD,Uttar Pradesh,HMEL,Varanasi,Varanasi,118,"118 km straight-line, same state; HPL Annexure V puts both in one price point",Inferred Location Match,Approved for Phase 1 (HPL-corroborated),,,,unresolved
ALLAHABAD,Uttar Pradesh,HPL,Varanasi,Uttar Pradesh_Varanasi,118,"118 km, HPL's own territory list (Annexure V): listed district -> Uttar Pradesh_Varanasi",Territory Match,Approved for Phase 1,,,,unresolved
ALLAHABAD,Uttar Pradesh,OPaL,Varanasi,Varanasi,118,"118 km straight-line, same state; HPL Annexure V puts both in one price point",Inferred Location Match,Approved for Phase 1 (HPL-corroborated),,,,unresolved
ALWAR,Rajasthan,RIL,Bhiwadi,BHIWADI,76,"76 km straight-line, same state; HPL Annexure V puts both in one price point",Inferred Location Match,Approved for Phase 1 (HPL-corroborated),,,,inferred_via_hpl -> BHIWADI
ALWAR,Rajasthan,HMEL,Bhiwadi,Bhiwadi,76,"76 km straight-line, same state; HPL Annexure V puts both in one price point",Inferred Location Match,Approved for Phase 1 (HPL-corroborated),,,,inferred_via_hpl -> Bhiwadi
ALWAR,Rajasthan,HPL,Bhiwadi,Rajasthan_Bhiwadi,76,"76 km, HPL's own territory list (Annexure V): listed district -> Rajasthan_Bhiwadi",Territory Match,Approved for Phase 1,,,,published_map -> Rajasthan_Bhiwadi
ALWAR,Rajasthan,OPaL,Bhiwadi,Bhiwadi,76,"76 km straight-line, same state; HPL Annexure V puts both in one price point",Inferred Location Match,Approved for Phase 1 (HPL-corroborated),,,,inferred_via_hpl -> Bhiwadi
AMBALA,Haryana,IOCL,Panipat,Panipat,109,"109 km straight-line, same state; HPL Annexure V puts both in one price point",Inferred Location Match,Approved for Phase 1 (HPL-corroborated),,,,inferred_via_hpl -> Panipat
AMBALA,Haryana,RIL,Panipat,PANIPAT,109,"109 km straight-line, same state; HPL Annexure V puts both in one price point",Inferred Location Match,Approved for Phase 1 (HPL-corroborated),,,,inferred_via_hpl -> PANIPAT
AMBALA,Haryana,HMEL,Panipat,Panipat,109,"109 km straight-line, same state; HPL Annexure V puts both in one price point",Inferred Location Match,Approved for Phase 1 (HPL-corroborated),,,,inferred_via_hpl -> Panipat
AMBALA,Haryana,HPL,Panipat,Haryana_Panipat,109,"109 km, HPL's own territory list (Annexure V): listed district -> Haryana_Panipat",Territory Match,Approved for Phase 1,,,,published_map -> Haryana_Panipat
AMBALA,Haryana,OPaL,Panipat,Panipat,109,"109 km straight-line, same state; HPL Annexure V puts both in one price point",Inferred Location Match,Approved for Phase 1 (HPL-corroborated),,,,inferred_via_hpl -> Panipat
AMRAWATI,Maharashtra,IOCL,Nagpur,Nagpur,141,"141 km straight-line, same state; HPL Annexure V puts both in one price point",Inferred Location Match,Approved for Phase 1 (HPL-corroborated),,,,unresolved
AMRAWATI,Maharashtra,RIL,Nagpur,NAGPUR,141,"141 km straight-line, same state; HPL Annexure V puts both in one price point",Inferred Location Match,Approved for Phase 1 (HPL-corroborated),,,,unresolved
AMRAWATI,Maharashtra,HMEL,Nagpur,Nagpur,141,"141 km straight-line, same state; HPL Annexure V puts both in one price point",Inferred Location Match,Approved for Phase 1 (HPL-corroborated),,,,unresolved
AMRAWATI,Maharashtra,HPL,Nagpur,Maharashtra_Nagpur,141,"141 km, HPL's own territory list (Annexure V): listed district -> Maharashtra_Nagpur",Territory Match,Approved for Phase 1,,,,unresolved
AMRAWATI,Maharashtra,OPaL,Nagpur,Nagpur,141,"141 km straight-line, same state; HPL Annexure V puts both in one price point",Inferred Location Match,Approved for Phase 1 (HPL-corroborated),,,,unresolved
AMRITSAR,Punjab,IOCL,Jalandhar,Jalandhar,74,"74 km straight-line, same state; HPL Annexure V puts both in one price point",Inferred Location Match,Approved for Phase 1 (HPL-corroborated),,,,unresolved
AMRITSAR,Punjab,RIL,Ludhiana,LUDHIANA,122,"122 km straight-line, same state",Inferred Location Match,Confirm,,,,unresolved
AMRITSAR,Punjab,HMEL,Punjab (state-wide zone),Punjab,,zone covers all of Punjab,Territory Match,Approved for Phase 1,,,,unresolved
AMRITSAR,Punjab,OPaL,Ludhiana,Ludhiana,122,"122 km straight-line, same state",Inferred Location Match,Confirm,,,,unresolved
ANANTAPUR,Andhra Pradesh,IOCL,Chittoor,Chittoor,229,"229 km straight-line, same state; HPL Annexure V puts both in one price point",Inferred Location Match,Approved for Phase 1 (HPL-corroborated),,,,unresolved
ANANTAPUR,Andhra Pradesh,RIL,Nandyal,NANDYAL,129,"129 km straight-line, same state; runner-up Kadapa (133 km); HPL puts the town in the same price point as Kadapa (133 km)",Inferred Location Match,Confirm,Kadapa (133 km),,runner-up Kadapa (133 km); HPL puts the town in the same price point as Kadapa (133 km),unresolved
ANANTAPUR,Andhra Pradesh,HMEL,Kadapa,Cuddapah,133,"133 km straight-line, same state; HPL Annexure V puts both in one price point",Inferred Location Match,Approved for Phase 1 (HPL-corroborated),,,,unresolved
ANANTAPUR,Andhra Pradesh,HPL,Tirupati,Andhra Pradesh_tirupati,227,"227 km, HPL's own territory list (Annexure V): Anantapur district -> Andhra Pradesh_tirupati",Territory Match,Approved for Phase 1,,,,unresolved
ANANTAPUR,Andhra Pradesh,OPaL,Nandyal,Nandyal,129,"129 km straight-line, same state; runner-up Kadapa (133 km); HPL puts the town in the same price point as Kadapa (133 km)",Inferred Location Match,Confirm,Kadapa (133 km),,runner-up Kadapa (133 km); HPL puts the town in the same price point as Kadapa (133 km),unresolved
ANKLESHWAR,Gujarat,IOCL,Surat,Surat,51,"51 km straight-line, same state; HPL puts the town in the same price point as Vadodara (78 km)",Inferred Location Match,Confirm,Vadodara (78 km),,HPL puts the town in the same price point as Vadodara (78 km),unresolved
ANKLESHWAR,Gujarat,RIL,Surat,SURAT,51,"51 km straight-line, same state; HPL puts the town in the same price point as Vadodara (78 km)",Inferred Location Match,Confirm,Vadodara (78 km),,HPL puts the town in the same price point as Vadodara (78 km),unresolved
ANKLESHWAR,Gujarat,HMEL,Surat,Surat,51,"51 km straight-line, same state; HPL puts the town in the same price point as Vadodara (78 km)",Inferred Location Match,Confirm,Vadodara (78 km),,HPL puts the town in the same price point as Vadodara (78 km),unresolved
ANKLESHWAR,Gujarat,HPL,Vadodara,Gujarat_Vadodara,78,"78 km, HPL's own territory list (Annexure V): Bharuch district -> Gujarat_Vadodara",Territory Match,Approved for Phase 1,,,,unresolved
ANKLESHWAR,Gujarat,OPaL,Dahej,Dahej,42,"42 km straight-line, same state; HPL Annexure V puts both in one price point",Inferred Location Match,Approved for Phase 1 (HPL-corroborated),,,,unresolved
ANNAND,Gujarat,IOCL,Vadodara,Vadodara,38,"38 km straight-line, same state; HPL Annexure V puts both in one price point",Inferred Location Match,Approved for Phase 1 (HPL-corroborated),,,,unresolved
ANNAND,Gujarat,RIL,Vadodara,BARODA,38,"38 km straight-line, same state; HPL Annexure V puts both in one price point",Inferred Location Match,Approved for Phase 1 (HPL-corroborated),,,,unresolved
ANNAND,Gujarat,HMEL,Vadodara,Vadodara,38,"38 km straight-line, same state; HPL Annexure V puts both in one price point",Inferred Location Match,Approved for Phase 1 (HPL-corroborated),,,,unresolved
ANNAND,Gujarat,HPL,Vadodara,Gujarat_Vadodara,38,"38 km, HPL's own territory list (Annexure V): Anand district -> Gujarat_Vadodara",Territory Match,Approved for Phase 1,,,,unresolved
ANNAND,Gujarat,OPaL,Vadodara,Vadodara,38,"38 km straight-line, same state; HPL Annexure V puts both in one price point",Inferred Location Match,Approved for Phase 1 (HPL-corroborated),,,,unresolved
ASANGAON,Maharashtra,IOCL,Mumbai,Mumbai,60,"60 km straight-line, same state; HPL Annexure V puts both in one price point",Inferred Location Match,Approved for Phase 1 (HPL-corroborated),,,,unresolved
ASANGAON,Maharashtra,RIL,Mumbai,MUMBAI,60,"60 km straight-line, same state; HPL Annexure V puts both in one price point",Inferred Location Match,Approved for Phase 1 (HPL-corroborated),,,,unresolved
ASANGAON,Maharashtra,HMEL,Bhiwandi,Bhiwandi,30,"30 km straight-line, same state; HPL Annexure V puts both in one price point",Inferred Location Match,Approved for Phase 1 (HPL-corroborated),,,,unresolved
ASANGAON,Maharashtra,HPL,Mumbai,Maharashtra_Mumbai,60,"60 km, HPL's own territory list (Annexure V): Thane district -> Maharashtra_Mumbai",Territory Match,Approved for Phase 1,,,,unresolved
ASANGAON,Maharashtra,OPaL,Bhiwandi,Bhiwandi,30,"30 km straight-line, same state; HPL Annexure V puts both in one price point",Inferred Location Match,Approved for Phase 1 (HPL-corroborated),,,,unresolved
BADDI,Himachal Pradesh,IOCL,Solan,Solan,31,"31 km straight-line, same state; HPL Annexure V puts both in one price point",Inferred Location Match,Approved for Phase 1 (HPL-corroborated),,,,unresolved
BAHADURGARH,Haryana,IOCL,Gurugram,Gurgaon,27,"27 km straight-line, same state; HPL Annexure V puts both in one price point",Inferred Location Match,Approved for Phase 1 (HPL-corroborated),,,,unresolved
BAHADURGARH,Haryana,RIL,Panipat,PANIPAT,77,"77 km straight-line, same state; a zone across the border is 1.5x+ closer: New Delhi, Delhi (28 km) vs 77 km in-state",Inferred Location Match,Confirm,New Delhi (28 km),,"a zone across the border is 1.5x+ closer: New Delhi, Delhi (28 km) vs 77 km in-state",unresolved
BAHADURGARH,Haryana,HMEL,Gurugram,Gurgaon,27,"27 km straight-line, same state; HPL Annexure V puts both in one price point",Inferred Location Match,Approved for Phase 1 (HPL-corroborated),,,,unresolved
BAHADURGARH,Haryana,HPL,Gurugram,Haryana_Gurgaon,27,"27 km, HPL's own territory list (Annexure V): Jhajjar district -> Haryana_Gurgaon",Territory Match,Approved for Phase 1,,,,unresolved
BAHADURGARH,Haryana,OPaL,Gurugram,Gurgaon,27,"27 km straight-line, same state; HPL Annexure V puts both in one price point",Inferred Location Match,Approved for Phase 1 (HPL-corroborated),,,,unresolved
BARAMATI,Maharashtra,IOCL,Pune,Pune,87,"87 km straight-line, same state; HPL Annexure V puts both in one price point",Inferred Location Match,Approved for Phase 1 (HPL-corroborated),,,,unresolved
BARAMATI,Maharashtra,RIL,Satara,SATARA,81,"81 km straight-line, same state; runner-up Pune (87 km); HPL puts the town in the same price point as Pune (87 km)",Inferred Location Match,Confirm,Pune (87 km),,runner-up Pune (87 km); HPL puts the town in the same price point as Pune (87 km),unresolved
BARAMATI,Maharashtra,HMEL,Pune,Pune,87,"87 km straight-line, same state; HPL Annexure V puts both in one price point",Inferred Location Match,Approved for Phase 1 (HPL-corroborated),,,,unresolved
BARAMATI,Maharashtra,HPL,Pune,Maharashtra_Pune,87,"87 km, HPL's own territory list (Annexure V): Pune district -> Maharashtra_Pune",Territory Match,Approved for Phase 1,,,,unresolved
BARAMATI,Maharashtra,OPaL,Pune,Pune,87,"87 km straight-line, same state; HPL Annexure V puts both in one price point",Inferred Location Match,Approved for Phase 1 (HPL-corroborated),,,,unresolved
BAREILLY,Uttar Pradesh,RIL,Rudrapur,RUDRAPUR,68,68 km straight-line; own-state zone is 192 km away; crosses into Uttarakhand,Inferred Location Match,Approved for Phase 1,,yes,own-state zone is 192 km away; crosses into Uttarakhand,unresolved
BAREILLY,Uttar Pradesh,HMEL,Rudrapur,Rudrapur,68,68 km straight-line; own-state zone is 192 km away; crosses into Uttarakhand,Inferred Location Match,Approved for Phase 1,,yes,own-state zone is 192 km away; crosses into Uttarakhand,unresolved
BAREILLY,Uttar Pradesh,OPaL,Rudrapur,Rudrapur,68,68 km straight-line; own-state zone is 192 km away; crosses into Uttarakhand,Inferred Location Match,Approved for Phase 1,,yes,own-state zone is 192 km away; crosses into Uttarakhand,unresolved
BARJORA,West Bengal,IOCL,Barddhaman,Paschim Bardhaman,61,"61 km straight-line, same state; HPL Annexure V puts both in one price point",Inferred Location Match,Approved for Phase 1 (HPL-corroborated),,,,unresolved
BARJORA,West Bengal,RIL,Puruliya,PURULIA,95,"95 km straight-line, same state",Inferred Location Match,Approved for Phase 1,,,,unresolved
BARJORA,West Bengal,HMEL,Puruliya,Purulia,95,"95 km straight-line, same state",Inferred Location Match,Approved for Phase 1,,,,unresolved
BARJORA,West Bengal,HPL,Asansol,West Bengal_Asansol,42,"42 km, HPL's own territory list (Annexure V): Bankura district -> West Bengal_Asansol",Territory Match,Approved for Phase 1,,,,unresolved
BARJORA,West Bengal,OPaL,Puruliya,Puruliya,95,"95 km straight-line, same state",Inferred Location Match,Approved for Phase 1,,,,unresolved
BARMER,Rajasthan,IOCL,Jodhpur,Jodhpur,171,"171 km straight-line, same state; HPL Annexure V puts both in one price point",Inferred Location Match,Approved for Phase 1 (HPL-corroborated),,,,inferred_via_hpl -> Jodhpur
BARMER,Rajasthan,RIL,Jodhpur,JODHPUR,171,"171 km straight-line, same state; HPL Annexure V puts both in one price point",Inferred Location Match,Approved for Phase 1 (HPL-corroborated),,,,inferred_via_hpl -> JODHPUR
BARMER,Rajasthan,HMEL,Jodhpur,Jodhpur,171,"171 km straight-line, same state; HPL Annexure V puts both in one price point",Inferred Location Match,Approved for Phase 1 (HPL-corroborated),,,,inferred_via_hpl -> Jodhpur
BARMER,Rajasthan,HPL,Jodhpur,Rajasthan_Jodhpur,171,"171 km, HPL's own territory list (Annexure V): listed district -> Rajasthan_Jodhpur",Territory Match,Approved for Phase 1,,,,published_map -> Rajasthan_Jodhpur
BARMER,Rajasthan,OPaL,Jodhpur,Jodhpur,171,"171 km straight-line, same state; HPL Annexure V puts both in one price point",Inferred Location Match,Approved for Phase 1 (HPL-corroborated),,,,inferred_via_hpl -> Jodhpur
BARSI,Maharashtra,IOCL,Aurangabad,Aurangabad,186,"186 km straight-line, same state; runner-up Pune (196 km); HPL puts the town in the same price point as Kolhapur (231 km)",Inferred Location Match,Confirm,Pune (196 km),,runner-up Pune (196 km); HPL puts the town in the same price point as Kolhapur (231 km),unresolved
BARSI,Maharashtra,RIL,Sholapur,SOLAPUR,67,"67 km straight-line, same state; HPL Annexure V puts both in one price point",Inferred Location Match,Approved for Phase 1 (HPL-corroborated),,,,unresolved
BARSI,Maharashtra,HMEL,Aurangabad,Aurangabad,186,"186 km straight-line, same state; runner-up Pune (196 km); HPL puts the town in the same price point as Kolhapur (231 km)",Inferred Location Match,Confirm,Pune (196 km),,runner-up Pune (196 km); HPL puts the town in the same price point as Kolhapur (231 km),unresolved
BARSI,Maharashtra,HPL,Kolhapur,Maharashtra_Kolhapur,231,"231 km, HPL's own territory list (Annexure V): Solapur district -> Maharashtra_Kolhapur",Territory Match,Approved for Phase 1,,,,unresolved
BARSI,Maharashtra,OPaL,Sholapur,Solapur,67,"67 km straight-line, same state; HPL Annexure V puts both in one price point",Inferred Location Match,Approved for Phase 1 (HPL-corroborated),,,,unresolved
BAWAL,Haryana,IOCL,Gurugram,Gurgaon,61,"61 km straight-line, same state; HPL Annexure V puts both in one price point",Inferred Location Match,Approved for Phase 1 (HPL-corroborated),,,,unresolved
BAWAL,Haryana,RIL,Bhiwadi,BHIWADI,31,31 km straight-line; own-state zone is 151 km away; crosses into Rajasthan,Inferred Location Match,Approved for Phase 1,,yes,own-state zone is 151 km away; crosses into Rajasthan,unresolved
BAWAL,Haryana,HMEL,Gurugram,Gurgaon,61,"61 km straight-line, same state; HPL Annexure V puts both in one price point",Inferred Location Match,Approved for Phase 1 (HPL-corroborated),,,,unresolved
BAWAL,Haryana,HPL,Gurugram,Haryana_Gurgaon,61,"61 km, HPL's own territory list (Annexure V): Rewari district -> Haryana_Gurgaon",Territory Match,Approved for Phase 1,,,,unresolved
BAWAL,Haryana,OPaL,Gurugram,Gurgaon,61,"61 km straight-line, same state; HPL Annexure V puts both in one price point",Inferred Location Match,Approved for Phase 1 (HPL-corroborated),,,,unresolved
BEAWAR,Rajasthan,IOCL,Jodhpur,Jodhpur,132,"132 km straight-line, same state; HPL Annexure V puts both in one price point",Inferred Location Match,"Mapped, awaiting approval",,,,inferred_via_hpl -> Jodhpur
BEAWAR,Rajasthan,RIL,Jodhpur,JODHPUR,132,"132 km straight-line, same state; HPL Annexure V puts both in one price point",Inferred Location Match,"Mapped, awaiting approval",,,,inferred_via_hpl -> JODHPUR
BEAWAR,Rajasthan,HMEL,Ajmer,Ajmer,50,"50 km straight-line, same state; HPL puts the town in the same price point as Jodhpur (132 km)",Inferred Location Match,Withdrawn from approved set (now Confirm),Jodhpur (132 km),,HPL puts the town in the same price point as Jodhpur (132 km),inferred_via_hpl -> Jodhpur
BEAWAR,Rajasthan,HPL,Jodhpur,Rajasthan_Jodhpur,132,"132 km, HPL's own territory list (Annexure V): listed district -> Rajasthan_Jodhpur",Territory Match,Approved for Phase 1,,,,published_map -> Rajasthan_Jodhpur
BEAWAR,Rajasthan,OPaL,Jodhpur,Jodhpur,132,"132 km straight-line, same state; HPL Annexure V puts both in one price point",Inferred Location Match,"Mapped, awaiting approval",,,,inferred_via_hpl -> Jodhpur
BEED,Maharashtra,IOCL,Aurangabad,Aurangabad,108,"108 km straight-line, same state; HPL Annexure V puts both in one price point",Inferred Location Match,Approved for Phase 1 (HPL-corroborated),,,,inferred_via_hpl -> Aurangabad
BEED,Maharashtra,RIL,Aurangabad,AURANGBDMH,108,"108 km straight-line, same state; HPL Annexure V puts both in one price point",Inferred Location Match,Approved for Phase 1 (HPL-corroborated),,,,unresolved
BEED,Maharashtra,HMEL,Aurangabad,Aurangabad,108,"108 km straight-line, same state; HPL Annexure V puts both in one price point",Inferred Location Match,Approved for Phase 1 (HPL-corroborated),,,,inferred_via_hpl -> Aurangabad
BEED,Maharashtra,HPL,Aurangabad,Maharashtra_Aurangabad,108,"108 km, HPL's own territory list (Annexure V): listed district -> Maharashtra_Aurangabad",Territory Match,Approved for Phase 1,,,,published_map -> Maharashtra_Aurangabad
BEED,Maharashtra,OPaL,Aurangabad,Aurangabad (MH),108,"108 km straight-line, same state; HPL Annexure V puts both in one price point",Inferred Location Match,Approved for Phase 1 (HPL-corroborated),,,,inferred_via_hpl -> Aurangabad (MH)
BEHROR,Rajasthan,IOCL,Bhiwadi,Alwar (Bhiwadi),67,"67 km straight-line, same state; HPL Annexure V puts both in one price point",Inferred Location Match,Approved for Phase 1 (HPL-corroborated),,,,unresolved
BEHROR,Rajasthan,RIL,Bhiwadi,BHIWADI,67,"67 km straight-line, same state; HPL Annexure V puts both in one price point",Inferred Location Match,Approved for Phase 1 (HPL-corroborated),,,,unresolved
BEHROR,Rajasthan,HMEL,Bhiwadi,Bhiwadi,67,"67 km straight-line, same state; HPL Annexure V puts both in one price point",Inferred Location Match,Approved for Phase 1 (HPL-corroborated),,,,unresolved
BEHROR,Rajasthan,HPL,Bhiwadi,Rajasthan_Bhiwadi,67,"67 km, HPL's own territory list (Annexure V): Alwar district -> Rajasthan_Bhiwadi",Territory Match,Approved for Phase 1,,,,unresolved
BEHROR,Rajasthan,OPaL,Bhiwadi,Bhiwadi,67,"67 km straight-line, same state; HPL Annexure V puts both in one price point",Inferred Location Match,Approved for Phase 1 (HPL-corroborated),,,,unresolved
BELGAUM,Karnataka,IOCL,Dharwad,Dharwad,69,"69 km straight-line, same state; HPL Annexure V puts both in one price point",Inferred Location Match,Approved for Phase 1 (HPL-corroborated),,,,unresolved
BELGAUM,Karnataka,RIL,Hubballi,HUBLI,88,"88 km straight-line, same state; HPL Annexure V puts both in one price point",Inferred Location Match,Approved for Phase 1 (HPL-corroborated),,,,unresolved
BELGAUM,Karnataka,HMEL,Hubballi,Hubli,88,"88 km straight-line, same state; HPL Annexure V puts both in one price point",Inferred Location Match,Approved for Phase 1 (HPL-corroborated),,,,unresolved
BELGAUM,Karnataka,HPL,Mangaluru,Karnataka_Mangalore,329,"329 km, HPL's own territory list (Annexure V): Belgaum district -> Karnataka_Mangalore",Territory Match,Approved for Phase 1,,,,unresolved
BELGAUM,Karnataka,OPaL,Hubballi,Hubli,88,"88 km straight-line, same state; HPL Annexure V puts both in one price point",Inferred Location Match,Approved for Phase 1 (HPL-corroborated),,,,unresolved
BELLARY,Karnataka,IOCL,Dharwad,Dharwad,209,"209 km straight-line, same state",Inferred Location Match,Confirm,,,,unresolved
BERHAMPUR,Odisha,IOCL,Cuttack,Cuttack,171,"171 km straight-line, same state; HPL Annexure V puts both in one price point",Inferred Location Match,Approved for Phase 1 (HPL-corroborated),,,,unresolved
BERHAMPUR,Odisha,RIL,Cuttack,CUTTACK,171,"171 km straight-line, same state; HPL Annexure V puts both in one price point",Inferred Location Match,Approved for Phase 1 (HPL-corroborated),,,,unresolved
BERHAMPUR,Odisha,HMEL,Cuttack,Cuttack,171,"171 km straight-line, same state; HPL Annexure V puts both in one price point",Inferred Location Match,Approved for Phase 1 (HPL-corroborated),,,,unresolved
BERHAMPUR,Odisha,HPL,Bhubaneswar,Orissa_Bhubaneswar,153,"153 km, HPL's own territory list (Annexure V): Ganjam district -> Orissa_Bhubaneswar",Territory Match,Approved for Phase 1,,,,unresolved
BERHAMPUR,Odisha,OPaL,Cuttack,Cuttack,171,"171 km straight-line, same state; HPL Annexure V puts both in one price point",Inferred Location Match,Approved for Phase 1 (HPL-corroborated),,,,unresolved
BHADOHI,Uttar Pradesh,IOCL,Chandauli,Chandauli,72,"72 km straight-line, same state; HPL Annexure V puts both in one price point",Inferred Location Match,Approved for Phase 1 (HPL-corroborated),,,,unresolved
BHADOHI,Uttar Pradesh,RIL,Varanasi,VARANASI,45,"45 km straight-line, same state; HPL Annexure V puts both in one price point",Inferred Location Match,Approved for Phase 1 (HPL-corroborated),,,,unresolved
BHADOHI,Uttar Pradesh,HMEL,Varanasi,Varanasi,45,"45 km straight-line, same state; HPL Annexure V puts both in one price point",Inferred Location Match,Approved for Phase 1 (HPL-corroborated),,,,unresolved
BHADOHI,Uttar Pradesh,HPL,Varanasi,Uttar Pradesh_Varanasi,45,"45 km, HPL's own territory list (Annexure V): listed district -> Uttar Pradesh_Varanasi",Territory Match,Approved for Phase 1,,,,unresolved
BHADOHI,Uttar Pradesh,OPaL,Varanasi,Varanasi,45,"45 km straight-line, same state; HPL Annexure V puts both in one price point",Inferred Location Match,Approved for Phase 1 (HPL-corroborated),,,,unresolved
BHARATPUR,Rajasthan,IOCL,Mathura,Mathura,37,37 km straight-line; own-state zone is 127 km away; HPL puts the town in the same price point as Jaipur (172 km); crosses into Uttar Pradesh,Inferred Location Match,Confirm,Jaipur (172 km),yes,own-state zone is 127 km away; HPL puts the town in the same price point as Jaipur (172 km); crosses into Uttar Pradesh,inferred_via_hpl -> Jaipur
BHARATPUR,Rajasthan,RIL,Agra,AGRA,52,52 km straight-line; own-state zone is 127 km away; HPL puts the town in the same price point as Jaipur (172 km); crosses into Uttar Pradesh,Inferred Location Match,Confirm,Jaipur (172 km),yes,own-state zone is 127 km away; HPL puts the town in the same price point as Jaipur (172 km); crosses into Uttar Pradesh,inferred_via_hpl -> JAIPUR
BHARATPUR,Rajasthan,HMEL,Agra,Agra,52,52 km straight-line; own-state zone is 127 km away; HPL puts the town in the same price point as Jaipur (172 km); crosses into Uttar Pradesh,Inferred Location Match,Confirm,Jaipur (172 km),yes,own-state zone is 127 km away; HPL puts the town in the same price point as Jaipur (172 km); crosses into Uttar Pradesh,inferred_via_hpl -> Jaipur
BHARATPUR,Rajasthan,HPL,Jaipur,Rajasthan_Jaipur,172,"172 km, HPL's own territory list (Annexure V): listed district -> Rajasthan_Jaipur",Territory Match,Approved for Phase 1,,,,published_map -> Rajasthan_Jaipur
BHARATPUR,Rajasthan,OPaL,Agra,Agra,52,52 km straight-line; own-state zone is 127 km away; HPL puts the town in the same price point as Jaipur (172 km); crosses into Uttar Pradesh,Inferred Location Match,Confirm,Jaipur (172 km),yes,own-state zone is 127 km away; HPL puts the town in the same price point as Jaipur (172 km); crosses into Uttar Pradesh,inferred_via_hpl -> Jaipur
BHARUCH,Gujarat,IOCL,Surat,Surat,58,"58 km straight-line, same state; runner-up Vadodara (71 km); HPL puts the town in the same price point as Vadodara (71 km)",Inferred Location Match,Confirm,Vadodara (71 km),,runner-up Vadodara (71 km); HPL puts the town in the same price point as Vadodara (71 km),inferred_via_hpl -> Vadodara
BHARUCH,Gujarat,RIL,Surat,SURAT,58,"58 km straight-line, same state; runner-up Vadodara (71 km); HPL puts the town in the same price point as Vadodara (71 km)",Inferred Location Match,Confirm,Vadodara (71 km),,runner-up Vadodara (71 km); HPL puts the town in the same price point as Vadodara (71 km),inferred_via_hpl -> BARODA
BHARUCH,Gujarat,HMEL,Surat,Surat,58,"58 km straight-line, same state; runner-up Vadodara (71 km); HPL puts the town in the same price point as Vadodara (71 km)",Inferred Location Match,Confirm,Vadodara (71 km),,runner-up Vadodara (71 km); HPL puts the town in the same price point as Vadodara (71 km),inferred_via_hpl -> Vadodara
BHARUCH,Gujarat,HPL,Vadodara,Gujarat_Vadodara,71,"71 km, HPL's own territory list (Annexure V): listed district -> Gujarat_Vadodara",Territory Match,Approved for Phase 1,,,,published_map -> Gujarat_Vadodara
BHARUCH,Gujarat,OPaL,Dahej,Dahej,40,"40 km straight-line, same state; HPL Annexure V puts both in one price point",Inferred Location Match,Approved for Phase 1 (HPL-corroborated),,,,inferred_via_hpl -> Vadodara
BHATINDA,Punjab,IOCL,Ludhiana,Ludhiana,118,"118 km straight-line, same state; HPL Annexure V puts both in one price point",Inferred Location Match,Approved for Phase 1 (HPL-corroborated),,,,inferred_via_hpl -> Ludhiana
BHATINDA,Punjab,RIL,Ludhiana,LUDHIANA,118,"118 km straight-line, same state; HPL Annexure V puts both in one price point",Inferred Location Match,Approved for Phase 1 (HPL-corroborated),,,,inferred_via_hpl -> LUDHIANA
BHATINDA,Punjab,HMEL,Punjab (state-wide zone),Punjab,,zone covers all of Punjab,Territory Match,Approved for Phase 1,,,,unresolved
BHATINDA,Punjab,HPL,Ludhiana,Punjab_Ludhiana,118,"118 km, HPL's own territory list (Annexure V): listed district -> Punjab_Ludhiana",Territory Match,Approved for Phase 1,,,,published_map -> Punjab_Ludhiana
BHATINDA,Punjab,OPaL,Ludhiana,Ludhiana,118,"118 km straight-line, same state; HPL Annexure V puts both in one price point",Inferred Location Match,Approved for Phase 1 (HPL-corroborated),,,,inferred_via_hpl -> Ludhiana
BHAVNAGAR,Gujarat,IOCL,Surat,Surat,94,"94 km straight-line, same state",Inferred Location Match,Approved for Phase 1,,,,unresolved
BHILWARA,Rajasthan,IOCL,Udaipur,Udaipur,126,"126 km straight-line, same state; HPL Annexure V puts both in one price point",Inferred Location Match,Approved for Phase 1 (HPL-corroborated),,,,unresolved
BHILWARA,Rajasthan,RIL,Kota,KOTA,122,"122 km straight-line, same state; HPL Annexure V puts both in one price point",Inferred Location Match,Approved for Phase 1 (HPL-corroborated),,,,inferred_via_hpl -> KOTA
BHILWARA,Rajasthan,HMEL,Ajmer,Ajmer,123,"123 km straight-line, same state; runner-up Udaipur (126 km); HPL puts the town in the same price point as Udaipur (126 km)",Inferred Location Match,Confirm,Udaipur (126 km),,runner-up Udaipur (126 km); HPL puts the town in the same price point as Udaipur (126 km),unresolved
BHILWARA,Rajasthan,HPL,Kota,Rajasthan_Kota,122,"122 km, HPL's own territory list (Annexure V): listed district -> Rajasthan_Kota",Territory Match,Approved for Phase 1,,,,published_map -> Rajasthan_Kota
BHILWARA,Rajasthan,OPaL,Kota,Kota,122,"122 km straight-line, same state; HPL Annexure V puts both in one price point",Inferred Location Match,Approved for Phase 1 (HPL-corroborated),,,,inferred_via_hpl -> Kota
BHIND,Madhya Pradesh,IOCL,Gwalior,Gwalior,72,"72 km straight-line, same state; HPL Annexure V puts both in one price point",Inferred Location Match,Approved for Phase 1 (HPL-corroborated),,,,inferred_via_hpl -> Gwalior
BHIND,Madhya Pradesh,RIL,Gwalior,GWALIOR,72,"72 km straight-line, same state; HPL Annexure V puts both in one price point",Inferred Location Match,Approved for Phase 1 (HPL-corroborated),,,,inferred_via_hpl -> GWALIOR
BHIND,Madhya Pradesh,HMEL,Gwalior,Gwalior,72,"72 km straight-line, same state; HPL Annexure V puts both in one price point",Inferred Location Match,Approved for Phase 1 (HPL-corroborated),,,,inferred_via_hpl -> Gwalior
BHIND,Madhya Pradesh,HPL,Gwalior,Madhya Pradesh_Gwalior,72,"72 km, HPL's own territory list (Annexure V): listed district -> Madhya Pradesh_Gwalior",Territory Match,Approved for Phase 1,,,,published_map -> Madhya Pradesh_Gwalior
BHIND,Madhya Pradesh,OPaL,Gwalior,Gwalior,72,"72 km straight-line, same state; HPL Annexure V puts both in one price point",Inferred Location Match,Approved for Phase 1 (HPL-corroborated),,,,inferred_via_hpl -> Gwalior
BHINMAL,Rajasthan,IOCL,Udaipur,Udaipur,153,"153 km straight-line, same state; runner-up Jodhpur (159 km); HPL puts the town in the same price point as Jodhpur (159 km)",Inferred Location Match,Confirm,Jodhpur (159 km),,runner-up Jodhpur (159 km); HPL puts the town in the same price point as Jodhpur (159 km),unresolved
BHINMAL,Rajasthan,RIL,Udaipur,UDAIPUR,153,"153 km straight-line, same state; runner-up Jodhpur (159 km); HPL puts the town in the same price point as Jodhpur (159 km)",Inferred Location Match,Confirm,Jodhpur (159 km),,runner-up Jodhpur (159 km); HPL puts the town in the same price point as Jodhpur (159 km),unresolved
BHINMAL,Rajasthan,HMEL,Udaipur,Udaipur,153,"153 km straight-line, same state; runner-up Jodhpur (159 km); HPL puts the town in the same price point as Jodhpur (159 km)",Inferred Location Match,Confirm,Jodhpur (159 km),,runner-up Jodhpur (159 km); HPL puts the town in the same price point as Jodhpur (159 km),unresolved
BHINMAL,Rajasthan,HPL,Jodhpur,Rajasthan_Jodhpur,159,"159 km, HPL's own territory list (Annexure V): Jalore district -> Rajasthan_Jodhpur",Territory Match,Approved for Phase 1,,,,unresolved
BHINMAL,Rajasthan,OPaL,Udaipur,Udaipur,153,"153 km straight-line, same state; runner-up Jodhpur (159 km); HPL puts the town in the same price point as Jodhpur (159 km)",Inferred Location Match,Confirm,Jodhpur (159 km),,runner-up Jodhpur (159 km); HPL puts the town in the same price point as Jodhpur (159 km),unresolved
BHIWADI,Rajasthan,IOCL,Bhiwadi,Alwar (Bhiwadi),0,"same place, different label/spelling (0 km)",Inferred Location Match,Approved for Phase 1,,,,unresolved
BHIWANI,Haryana,IOCL,Gurugram,Gurgaon,94,"94 km straight-line, same state; runner-up Panipat (104 km); HPL puts the town in the same price point as Panipat (104 km)",Inferred Location Match,Confirm,Panipat (104 km),,runner-up Panipat (104 km); HPL puts the town in the same price point as Panipat (104 km),inferred_via_hpl -> Panipat
BHIWANI,Haryana,RIL,Panipat,PANIPAT,104,"104 km straight-line, same state; HPL Annexure V puts both in one price point",Inferred Location Match,Approved for Phase 1 (HPL-corroborated),,,,inferred_via_hpl -> PANIPAT
BHIWANI,Haryana,HMEL,Gurugram,Gurgaon,94,"94 km straight-line, same state; runner-up Panipat (104 km); HPL puts the town in the same price point as Panipat (104 km)",Inferred Location Match,Confirm,Panipat (104 km),,runner-up Panipat (104 km); HPL puts the town in the same price point as Panipat (104 km),inferred_via_hpl -> Panipat
BHIWANI,Haryana,HPL,Panipat,Haryana_Panipat,104,"104 km, HPL's own territory list (Annexure V): listed district -> Haryana_Panipat",Territory Match,Approved for Phase 1,,,,published_map -> Haryana_Panipat
BHIWANI,Haryana,OPaL,Gurugram,Gurgaon,94,"94 km straight-line, same state; runner-up Panipat (104 km); HPL puts the town in the same price point as Panipat (104 km)",Inferred Location Match,Confirm,Panipat (104 km),,runner-up Panipat (104 km); HPL puts the town in the same price point as Panipat (104 km),inferred_via_hpl -> Panipat
BHUBANESWAR,Odisha,IOCL,Cuttack,Cuttack,22,"22 km straight-line, same state; HPL Annexure V puts both in one price point",Inferred Location Match,Approved for Phase 1 (HPL-corroborated),,,,unresolved
BHUBANESWAR,Odisha,RIL,Cuttack,CUTTACK,22,"22 km straight-line, same state; HPL Annexure V puts both in one price point",Inferred Location Match,Approved for Phase 1 (HPL-corroborated),,,,unresolved
BHUBANESWAR,Odisha,HMEL,Cuttack,Cuttack,22,"22 km straight-line, same state; HPL Annexure V puts both in one price point",Inferred Location Match,Approved for Phase 1 (HPL-corroborated),,,,unresolved
BHUBANESWAR,Odisha,OPaL,Cuttack,Cuttack,22,"22 km straight-line, same state; HPL Annexure V puts both in one price point",Inferred Location Match,Approved for Phase 1 (HPL-corroborated),,,,unresolved
BIDAR,Karnataka,IOCL,Rangareddi,Rangareddy,98,98 km straight-line; own-state zone is 381 km away; crosses into Telangana; approx. zone location,Inferred Location Match,Approved for Phase 1,,yes,own-state zone is 381 km away; crosses into Telangana; approx. zone location,unresolved
BIDAR,Karnataka,RIL,Hyderabad,HYDERABAD,115,115 km straight-line; own-state zone is 314 km away; crosses into Telangana,Inferred Location Match,Approved for Phase 1,,yes,own-state zone is 314 km away; crosses into Telangana,inferred_via_hpl -> BELLARY
BIDAR,Karnataka,HMEL,Hyderabad,Hyderabad,115,115 km straight-line; own-state zone is 314 km away; crosses into Telangana,Inferred Location Match,Approved for Phase 1,,yes,own-state zone is 314 km away; crosses into Telangana,inferred_via_hpl -> Bellary
BIDAR,Karnataka,HPL,Ballari,Karnataka_Bellary,314,"314 km, HPL's own territory list (Annexure V): listed district -> Karnataka_Bellary",Territory Match,Approved for Phase 1,,,,published_map -> Karnataka_Bellary
BIDAR,Karnataka,OPaL,Kalaburagi,Gulbarga,96,"96 km straight-line, same state; HPL Annexure V puts both in one price point",Inferred Location Match,Approved for Phase 1 (HPL-corroborated),,,,inferred_via_hpl -> Bellary
BIKANER,Rajasthan,IOCL,Jodhpur,Jodhpur,197,"197 km straight-line, same state; HPL Annexure V puts both in one price point",Inferred Location Match,Approved for Phase 1 (HPL-corroborated),,,,inferred_via_hpl -> Jodhpur
BIKANER,Rajasthan,RIL,Jodhpur,JODHPUR,197,"197 km straight-line, same state; HPL Annexure V puts both in one price point",Inferred Location Match,Approved for Phase 1 (HPL-corroborated),,,,inferred_via_hpl -> JODHPUR
BIKANER,Rajasthan,HMEL,Jodhpur,Jodhpur,197,"197 km straight-line, same state; HPL Annexure V puts both in one price point",Inferred Location Match,Approved for Phase 1 (HPL-corroborated),,,,inferred_via_hpl -> Jodhpur
BIKANER,Rajasthan,HPL,Jodhpur,Rajasthan_Jodhpur,197,"197 km, HPL's own territory list (Annexure V): listed district -> Rajasthan_Jodhpur",Territory Match,Approved for Phase 1,,,,published_map -> Rajasthan_Jodhpur
BIKANER,Rajasthan,OPaL,Jodhpur,Jodhpur,197,"197 km straight-line, same state; HPL Annexure V puts both in one price point",Inferred Location Match,Approved for Phase 1 (HPL-corroborated),,,,inferred_via_hpl -> Jodhpur
BILASPUR,Chhattisgarh,IOCL,Chhattisgarh (state-wide zone),Chattisgarh,,zone covers all of Chhattisgarh,Territory Match,Approved for Phase 1,,,,unresolved
BILASPUR,Chhattisgarh,HPL,Chhattisgarh (state-wide zone),Chattisgarh,,zone covers all of Chhattisgarh,Territory Match,Approved for Phase 1,,,,published_map -> Himachal Pradesh_Baddi
BORIVALLI,Maharashtra,IOCL,Mumbai,Mumbai,18,"18 km straight-line, same state; HPL Annexure V puts both in one price point",Inferred Location Match,Approved for Phase 1 (HPL-corroborated),,,,unresolved
BORIVALLI,Maharashtra,RIL,Mumbai,MUMBAI,18,"18 km straight-line, same state; HPL Annexure V puts both in one price point",Inferred Location Match,Approved for Phase 1 (HPL-corroborated),,,,unresolved
BORIVALLI,Maharashtra,HMEL,Mumbai,Mumbai,18,"18 km straight-line, same state; HPL Annexure V puts both in one price point",Inferred Location Match,Approved for Phase 1 (HPL-corroborated),,,,unresolved
BORIVALLI,Maharashtra,HPL,Mumbai,Maharashtra_Mumbai,18,"18 km, HPL's own territory list (Annexure V): Mumbai Suburban district -> Maharashtra_Mumbai",Territory Match,Approved for Phase 1,,,,unresolved
BORIVALLI,Maharashtra,OPaL,Mumbai,Mumbai,18,"18 km straight-line, same state; HPL Annexure V puts both in one price point",Inferred Location Match,Approved for Phase 1 (HPL-corroborated),,,,unresolved
BUNDHI,Rajasthan,IOCL,Jaipur,Jaipur,165,"165 km straight-line, same state; HPL puts the town in the same price point as Udaipur (216 km); town identity uncertain",Inferred Location Match,Confirm,Udaipur (216 km),,HPL puts the town in the same price point as Udaipur (216 km); town identity uncertain,unresolved
BUNDHI,Rajasthan,RIL,Kota,KOTA,35,"35 km straight-line, same state; town identity uncertain",Inferred Location Match,Confirm,,,town identity uncertain,unresolved
BUNDHI,Rajasthan,HMEL,Ajmer,Ajmer,151,"151 km straight-line, same state; runner-up Jaipur (165 km); HPL puts the town in the same price point as Udaipur (216 km); town identity uncertain",Inferred Location Match,Confirm,Jaipur (165 km),,runner-up Jaipur (165 km); HPL puts the town in the same price point as Udaipur (216 km); town identity uncertain,unresolved
BUNDHI,Rajasthan,HPL,Kota,Rajasthan_Kota,35,"35 km, HPL's own territory list (Annexure V): Bundi district -> Rajasthan_Kota",Territory Match,Approved for Phase 1,,,,unresolved
BUNDHI,Rajasthan,OPaL,Kota,Kota,35,"35 km straight-line, same state; town identity uncertain",Inferred Location Match,Confirm,,,town identity uncertain,unresolved
BURHANPUR,Madhya Pradesh,IOCL,Indore,Indore,162,"162 km straight-line, same state; HPL Annexure V puts both in one price point",Inferred Location Match,Approved for Phase 1 (HPL-corroborated),,,,inferred_via_hpl -> Indore
BURHANPUR,Madhya Pradesh,RIL,Indore,INDORE,162,"162 km straight-line, same state; HPL Annexure V puts both in one price point",Inferred Location Match,Approved for Phase 1 (HPL-corroborated),,,,inferred_via_hpl -> INDORE
BURHANPUR,Madhya Pradesh,HMEL,Nimrani,Nimrani,120,"120 km straight-line, same state; HPL Annexure V puts both in one price point",Inferred Location Match,Approved for Phase 1 (HPL-corroborated),,,,inferred_via_hpl -> Indore
BURHANPUR,Madhya Pradesh,HPL,Indore,Madhya Pradesh_Indore,162,"162 km, HPL's own territory list (Annexure V): listed district -> Madhya Pradesh_Indore",Territory Match,Approved for Phase 1,,,,published_map -> Madhya Pradesh_Indore
BURHANPUR,Madhya Pradesh,OPaL,Indore,Indore,162,"162 km straight-line, same state; HPL Annexure V puts both in one price point",Inferred Location Match,Approved for Phase 1 (HPL-corroborated),,,,inferred_via_hpl -> Indore
BYRNIHAT,Meghalaya,IOCL,Guwahati,Guwahati,20,20 km straight-line; crosses into Assam,Inferred Location Match,Approved for Phase 1,,yes,crosses into Assam,unresolved
BYRNIHAT,Meghalaya,RIL,Guwahati,GUWAHATI,20,20 km straight-line; crosses into Assam,Inferred Location Match,Approved for Phase 1,,yes,crosses into Assam,unresolved
BYRNIHAT,Meghalaya,HMEL,Guwahati,Guwahati,20,20 km straight-line; crosses into Assam,Inferred Location Match,Approved for Phase 1,,yes,crosses into Assam,unresolved
BYRNIHAT,Meghalaya,HPL,NE states (state-wide zone),Meghalaya & NE States,,zone covers all of Meghalaya,Territory Match,Approved for Phase 1,,,,unresolved
CALICUT,Kerala,IOCL,Kerala (state-wide zone),Kerala,,zone covers all of Kerala,Territory Match,Approved for Phase 1,,,,unresolved
CALICUT,Kerala,HPL,Kerala (state-wide zone),Kerala,,zone covers all of Kerala,Territory Match,Approved for Phase 1,,,,unresolved
CHALISGAON,Maharashtra,IOCL,Aurangabad,Aurangabad,73,"73 km straight-line, same state; runner-up Jalgaon (83 km); HPL puts the town in the same price point as Jalgaon (83 km)",Inferred Location Match,Confirm,Jalgaon (83 km),,runner-up Jalgaon (83 km); HPL puts the town in the same price point as Jalgaon (83 km),unresolved
CHALISGAON,Maharashtra,RIL,Aurangabad,AURANGBDMH,73,"73 km straight-line, same state; runner-up Jalgaon (83 km); HPL puts the town in the same price point as Jalgaon (83 km)",Inferred Location Match,Confirm,Jalgaon (83 km),,runner-up Jalgaon (83 km); HPL puts the town in the same price point as Jalgaon (83 km),unresolved
CHALISGAON,Maharashtra,HMEL,Aurangabad,Aurangabad,73,"73 km straight-line, same state; runner-up Jalgaon (83 km); HPL puts the town in the same price point as Jalgaon (83 km)",Inferred Location Match,Confirm,Jalgaon (83 km),,runner-up Jalgaon (83 km); HPL puts the town in the same price point as Jalgaon (83 km),unresolved
CHALISGAON,Maharashtra,HPL,Jalgaon,Maharashtra_Jalgaon,83,"83 km, HPL's own territory list (Annexure V): Jalgaon district -> Maharashtra_Jalgaon",Territory Match,Approved for Phase 1,,,,unresolved
CHALISGAON,Maharashtra,OPaL,Aurangabad,Aurangabad (MH),73,"73 km straight-line, same state; runner-up Jalgaon (83 km); HPL puts the town in the same price point as Jalgaon (83 km)",Inferred Location Match,Confirm,Jalgaon (83 km),,runner-up Jalgaon (83 km); HPL puts the town in the same price point as Jalgaon (83 km),unresolved
CHANDIGARH,Chandigarh,RIL,Baddi,BADDI,25,25 km straight-line; crosses into Himachal Pradesh,Inferred Location Match,Approved for Phase 1,,yes,crosses into Himachal Pradesh,unresolved
CHINDWARA,Madhya Pradesh,IOCL,Jabalpur,Jabalpur,161,"161 km straight-line, same state; HPL Annexure V puts both in one price point",Inferred Location Match,Approved for Phase 1 (HPL-corroborated),,,,inferred_via_hpl -> Jabalpur
CHINDWARA,Madhya Pradesh,RIL,Jabalpur,JABALPUR,161,"161 km straight-line, same state; HPL Annexure V puts both in one price point",Inferred Location Match,Approved for Phase 1 (HPL-corroborated),,,,inferred_via_hpl -> JABALPUR
CHINDWARA,Madhya Pradesh,HMEL,Jabalpur,Jabalpur,161,"161 km straight-line, same state; HPL Annexure V puts both in one price point",Inferred Location Match,Approved for Phase 1 (HPL-corroborated),,,,inferred_via_hpl -> Jabalpur
CHINDWARA,Madhya Pradesh,HPL,Jabalpur,Madhya Pradesh_Jabalpur,161,"161 km, HPL's own territory list (Annexure V): listed district -> Madhya Pradesh_Jabalpur",Territory Match,Approved for Phase 1,,,,published_map -> Madhya Pradesh_Jabalpur
CHINDWARA,Madhya Pradesh,OPaL,Jabalpur,Jabalpur,161,"161 km straight-line, same state; HPL Annexure V puts both in one price point",Inferred Location Match,Approved for Phase 1 (HPL-corroborated),,,,inferred_via_hpl -> Jabalpur
CHITTOOR,Andhra Pradesh,RIL,Tirupati,TIRUPATHI,59,"59 km straight-line, same state; HPL Annexure V puts both in one price point",Inferred Location Match,Approved for Phase 1 (HPL-corroborated),,,,unresolved
CHITTOOR,Andhra Pradesh,HMEL,Tirupati,Tirupathi,59,"59 km straight-line, same state; HPL Annexure V puts both in one price point",Inferred Location Match,Approved for Phase 1 (HPL-corroborated),,,,unresolved
CHITTOOR,Andhra Pradesh,HPL,Tirupati,Andhra Pradesh_tirupati,59,"59 km, HPL's own territory list (Annexure V): listed district -> Andhra Pradesh_tirupati",Territory Match,Approved for Phase 1,,,,published_map -> Andhra Pradesh_tirupati
CHITTOOR,Andhra Pradesh,OPaL,Tirupati,Tirupathi,59,"59 km straight-line, same state; HPL Annexure V puts both in one price point",Inferred Location Match,Approved for Phase 1 (HPL-corroborated),,,,unresolved
CHITTOREGARH,Rajasthan,IOCL,Udaipur,Udaipur,98,"98 km straight-line, same state; HPL Annexure V puts both in one price point",Inferred Location Match,Approved for Phase 1 (HPL-corroborated),,,,unresolved
CHITTOREGARH,Rajasthan,RIL,Udaipur,UDAIPUR,98,"98 km straight-line, same state; HPL Annexure V puts both in one price point",Inferred Location Match,Approved for Phase 1 (HPL-corroborated),,,,unresolved
CHITTOREGARH,Rajasthan,HMEL,Udaipur,Udaipur,98,"98 km straight-line, same state; HPL Annexure V puts both in one price point",Inferred Location Match,Approved for Phase 1 (HPL-corroborated),,,,unresolved
CHITTOREGARH,Rajasthan,HPL,Kota,Rajasthan_Kota,127,"127 km, HPL's own territory list (Annexure V): Chittaurgarh district -> Rajasthan_Kota",Territory Match,Approved for Phase 1,,,,unresolved
CHITTOREGARH,Rajasthan,OPaL,Udaipur,Udaipur,98,"98 km straight-line, same state; HPL Annexure V puts both in one price point",Inferred Location Match,Approved for Phase 1 (HPL-corroborated),,,,unresolved
COCHIN,Kerala,HPL,Kerala (state-wide zone),Kerala,,zone covers all of Kerala,Territory Match,Approved for Phase 1,,,,unresolved
CUDDAPAH,Andhra Pradesh,IOCL,Chittoor,Chittoor,144,"144 km straight-line, same state; HPL Annexure V puts both in one price point",Inferred Location Match,Approved for Phase 1 (HPL-corroborated),,,,unresolved
CUDDAPAH,Andhra Pradesh,HPL,Tirupati,Andhra Pradesh_tirupati,114,"114 km, HPL's own territory list (Annexure V): YSR district -> Andhra Pradesh_tirupati",Territory Match,Approved for Phase 1,,,,unresolved
CUTTACK,Odisha,HPL,Bhubaneswar,Orissa_Bhubaneswar,22,"22 km, HPL's own territory list (Annexure V): listed district -> Orissa_Bhubaneswar",Territory Match,Approved for Phase 1,,,,published_map -> Orissa_Bhubaneswar
DAMTAL,Himachal Pradesh,IOCL,Kathua,Kathua,20,20 km straight-line; own-state zone is 102 km away; HPL puts the town in the same price point as Solan (201 km); crosses into Jammu and Kashmir; town identity uncertain,Inferred Location Match,Confirm,Solan (201 km),yes,own-state zone is 102 km away; HPL puts the town in the same price point as Solan (201 km); crosses into Jammu and Kashmir; town identity uncertain,unresolved
DAMTAL,Himachal Pradesh,RIL,Baddi,BADDI,177,"177 km straight-line, same state; town identity uncertain",Inferred Location Match,Confirm,Jammu (94 km),,town identity uncertain,unresolved
DAMTAL,Himachal Pradesh,HMEL,Baddi,Baddi,177,"177 km straight-line, same state; town identity uncertain",Inferred Location Match,Confirm,Jammu (94 km),,town identity uncertain,unresolved
DAMTAL,Himachal Pradesh,HPL,Baddi,Himachal Pradesh_Baddi,177,"177 km, HPL's own territory list (Annexure V): Kangra district -> Himachal Pradesh_Baddi",Territory Match,Approved for Phase 1,,,,unresolved
DAMTAL,Himachal Pradesh,OPaL,Baddi,Baddi,177,"177 km straight-line, same state; town identity uncertain",Inferred Location Match,Confirm,Jammu (94 km),,town identity uncertain,unresolved
DEGLOOR,Maharashtra,IOCL,Aurangabad,Aurangabad,277,"277 km straight-line, same state; HPL Annexure V puts both in one price point",Inferred Location Match,Approved for Phase 1 (HPL-corroborated),,,,unresolved
DEGLOOR,Maharashtra,RIL,Sholapur,SOLAPUR,201,"201 km straight-line, same state; HPL puts the town in the same price point as Aurangabad (277 km)",Inferred Location Match,Confirm,Aurangabad (277 km),,HPL puts the town in the same price point as Aurangabad (277 km),unresolved
DEGLOOR,Maharashtra,HMEL,Aurangabad,Aurangabad,277,"277 km straight-line, same state; HPL Annexure V puts both in one price point",Inferred Location Match,Approved for Phase 1 (HPL-corroborated),,,,unresolved
DEGLOOR,Maharashtra,HPL,Aurangabad,Maharashtra_Aurangabad,277,"277 km, HPL's own territory list (Annexure V): Nanded district -> Maharashtra_Aurangabad",Territory Match,Approved for Phase 1,,,,unresolved
DEGLOOR,Maharashtra,OPaL,Sholapur,Solapur,201,"201 km straight-line, same state; HPL puts the town in the same price point as Aurangabad (277 km)",Inferred Location Match,Confirm,Aurangabad (277 km),,HPL puts the town in the same price point as Aurangabad (277 km),unresolved
DEHRADUN,Uttarakhand,IOCL,Haridwar,Haridwar,44,"44 km straight-line, same state; HPL Annexure V puts both in one price point",Inferred Location Match,Approved for Phase 1 (HPL-corroborated),,,,inferred_via_hpl -> Haridwar
DEHRADUN,Uttarakhand,HPL,Haridwar,Uttarakhand_Haridwar,44,"44 km, HPL's own territory list (Annexure V): listed district -> Uttarakhand_Haridwar",Territory Match,Approved for Phase 1,,,,published_map -> Uttarakhand_Haridwar
DHANBAD,Jharkhand,IOCL,Jharkhand (state-wide zone),Jharkhand,,zone covers all of Jharkhand,Territory Match,Approved for Phase 1,,,,unresolved
DHANBAD,Jharkhand,RIL,Puruliya,PURULIA,52,52 km straight-line; own-state zone is 125 km away; crosses into West Bengal,Inferred Location Match,Approved for Phase 1,,yes,own-state zone is 125 km away; crosses into West Bengal,unresolved
DHANBAD,Jharkhand,HMEL,Puruliya,Purulia,52,52 km straight-line; own-state zone is 113 km away; crosses into West Bengal,Inferred Location Match,Approved for Phase 1,,yes,own-state zone is 113 km away; crosses into West Bengal,unresolved
DHANBAD,Jharkhand,HPL,Jharkhand (state-wide zone),Jharkhand_Ranchi,,zone covers all of Jharkhand,Territory Match,Approved for Phase 1,,,,unresolved
DHANBAD,Jharkhand,OPaL,Puruliya,Puruliya,52,52 km straight-line; own-state zone is 113 km away; crosses into West Bengal,Inferred Location Match,Approved for Phase 1,,yes,own-state zone is 113 km away; crosses into West Bengal,unresolved
DHAR,Madhya Pradesh,IOCL,Indore,Indore,57,"57 km straight-line, same state; HPL Annexure V puts both in one price point",Inferred Location Match,Approved for Phase 1 (HPL-corroborated),,,,inferred_via_hpl -> Indore
DHAR,Madhya Pradesh,RIL,Indore,INDORE,57,"57 km straight-line, same state; HPL Annexure V puts both in one price point",Inferred Location Match,Approved for Phase 1 (HPL-corroborated),,,,inferred_via_hpl -> INDORE
DHAR,Madhya Pradesh,HMEL,Indore,Indore,57,"57 km straight-line, same state; HPL Annexure V puts both in one price point",Inferred Location Match,Approved for Phase 1 (HPL-corroborated),,,,inferred_via_hpl -> Indore
DHAR,Madhya Pradesh,HPL,Indore,Madhya Pradesh_Indore,57,"57 km, HPL's own territory list (Annexure V): listed district -> Madhya Pradesh_Indore",Territory Match,Approved for Phase 1,,,,published_map -> Madhya Pradesh_Indore
DHAR,Madhya Pradesh,OPaL,Indore,Indore,57,"57 km straight-line, same state; HPL Annexure V puts both in one price point",Inferred Location Match,Approved for Phase 1 (HPL-corroborated),,,,inferred_via_hpl -> Indore
DHARUHERA,Haryana,IOCL,Gurugram,Gurgaon,36,"36 km straight-line, same state; HPL Annexure V puts both in one price point",Inferred Location Match,Approved for Phase 1 (HPL-corroborated),,,,unresolved
DHARUHERA,Haryana,RIL,Bhiwadi,BHIWADI,6,"adjacent zone, 6 km apart",Inferred Location Match,Approved for Phase 1,,,,unresolved
DHARUHERA,Haryana,HMEL,Gurugram,Gurgaon,36,"36 km straight-line, same state; HPL Annexure V puts both in one price point",Inferred Location Match,Approved for Phase 1 (HPL-corroborated),,,,unresolved
DHARUHERA,Haryana,HPL,Gurugram,Haryana_Gurgaon,36,"36 km, HPL's own territory list (Annexure V): Rewari district -> Haryana_Gurgaon",Territory Match,Approved for Phase 1,,,,unresolved
DHARUHERA,Haryana,OPaL,Gurugram,Gurgaon,36,"36 km straight-line, same state; HPL Annexure V puts both in one price point",Inferred Location Match,Approved for Phase 1 (HPL-corroborated),,,,unresolved
DHOLPUR,Rajasthan,IOCL,Gwalior,Gwalior,59,59 km straight-line; own-state zone is 196 km away; HPL puts the town in the same price point as Jaipur (209 km); crosses into Madhya Pradesh,Inferred Location Match,Confirm,Jaipur (209 km),yes,own-state zone is 196 km away; HPL puts the town in the same price point as Jaipur (209 km); crosses into Madhya Pradesh,inferred_via_hpl -> Jaipur
DHOLPUR,Rajasthan,RIL,Agra,AGRA,56,56 km straight-line; own-state zone is 196 km away; runner-up Gwalior (59 km); HPL puts the town in the same price point as Jaipur (209 km); crosses into Uttar Pradesh,Inferred Location Match,Confirm,Gwalior (59 km),yes,own-state zone is 196 km away; runner-up Gwalior (59 km); HPL puts the town in the same price point as Jaipur (209 km); crosses into Uttar Pradesh,inferred_via_hpl -> JAIPUR
DHOLPUR,Rajasthan,HMEL,Agra,Agra,56,56 km straight-line; own-state zone is 196 km away; runner-up Gwalior (59 km); HPL puts the town in the same price point as Jaipur (209 km); crosses into Uttar Pradesh,Inferred Location Match,Confirm,Gwalior (59 km),yes,own-state zone is 196 km away; runner-up Gwalior (59 km); HPL puts the town in the same price point as Jaipur (209 km); crosses into Uttar Pradesh,inferred_via_hpl -> Jaipur
DHOLPUR,Rajasthan,HPL,Jaipur,Rajasthan_Jaipur,209,"209 km, HPL's own territory list (Annexure V): listed district -> Rajasthan_Jaipur",Territory Match,Approved for Phase 1,,,,published_map -> Rajasthan_Jaipur
DHOLPUR,Rajasthan,OPaL,Agra,Agra,56,56 km straight-line; own-state zone is 196 km away; runner-up Gwalior (59 km); HPL puts the town in the same price point as Jaipur (209 km); crosses into Uttar Pradesh,Inferred Location Match,Confirm,Gwalior (59 km),yes,own-state zone is 196 km away; runner-up Gwalior (59 km); HPL puts the town in the same price point as Jaipur (209 km); crosses into Uttar Pradesh,inferred_via_hpl -> Jaipur
DHORAJI,Gujarat,IOCL,Rajkot,Rajkot,71,"71 km straight-line, same state; HPL Annexure V puts both in one price point",Inferred Location Match,Approved for Phase 1 (HPL-corroborated),,,,unresolved
DHORAJI,Gujarat,RIL,Rajkot,RAJKOT,71,"71 km straight-line, same state; HPL Annexure V puts both in one price point",Inferred Location Match,Approved for Phase 1 (HPL-corroborated),,,,unresolved
DHORAJI,Gujarat,HMEL,Rajkot,Rajkot,71,"71 km straight-line, same state; HPL Annexure V puts both in one price point",Inferred Location Match,Approved for Phase 1 (HPL-corroborated),,,,unresolved
DHORAJI,Gujarat,HPL,Rajkot,Gujarat_Rajkot,71,"71 km, HPL's own territory list (Annexure V): Rājkot district -> Gujarat_Rajkot",Territory Match,Approved for Phase 1,,,,unresolved
DHORAJI,Gujarat,OPaL,Rajkot,Rajkot,71,"71 km straight-line, same state; HPL Annexure V puts both in one price point",Inferred Location Match,Approved for Phase 1 (HPL-corroborated),,,,unresolved
DHULE,Maharashtra,IOCL,Jalgaon,Jalgaon,83,"83 km straight-line, same state; HPL Annexure V puts both in one price point",Inferred Location Match,Approved for Phase 1 (HPL-corroborated),,,,inferred_via_hpl -> Jalgaon
DHULE,Maharashtra,RIL,Jalgaon,JALGAON,83,"83 km straight-line, same state; HPL Annexure V puts both in one price point",Inferred Location Match,Approved for Phase 1 (HPL-corroborated),,,,inferred_via_hpl -> JALGAON
DHULE,Maharashtra,HMEL,Jalgaon,Jalgaon,83,"83 km straight-line, same state; HPL Annexure V puts both in one price point",Inferred Location Match,Approved for Phase 1 (HPL-corroborated),,,,inferred_via_hpl -> Jalgaon
DHULE,Maharashtra,HPL,Jalgaon,Maharashtra_Jalgaon,83,"83 km, HPL's own territory list (Annexure V): listed district -> Maharashtra_Jalgaon",Territory Match,Approved for Phase 1,,,,published_map -> Maharashtra_Jalgaon
DHULE,Maharashtra,OPaL,Jalgaon,Jalgaon,83,"83 km straight-line, same state; HPL Annexure V puts both in one price point",Inferred Location Match,Approved for Phase 1 (HPL-corroborated),,,,inferred_via_hpl -> Jalgaon
DIBIYAPUR,Uttar Pradesh,IOCL,Kanpur,Kanpur,82,"82 km straight-line, same state; town identity uncertain",Inferred Location Match,Confirm,,,town identity uncertain,unresolved
DIBIYAPUR,Uttar Pradesh,RIL,Kanpur,KANPUR,82,"82 km straight-line, same state; town identity uncertain",Inferred Location Match,Confirm,,,town identity uncertain,unresolved
DIBIYAPUR,Uttar Pradesh,HMEL,Kanpur,Kanpur,82,"82 km straight-line, same state; town identity uncertain",Inferred Location Match,Confirm,,,town identity uncertain,unresolved
DIBIYAPUR,Uttar Pradesh,HPL,Kanpur,Uttar Pradesh_Kanpur,82,"82 km, HPL's own territory list (Annexure V): Auraiya district -> Uttar Pradesh_Kanpur",Territory Match,Approved for Phase 1,,,,unresolved
DIBIYAPUR,Uttar Pradesh,OPaL,Kanpur,Kanpur,82,"82 km straight-line, same state; town identity uncertain",Inferred Location Match,Confirm,,,town identity uncertain,unresolved
DIBRUGARH,Assam,IOCL,Guwahati,Guwahati,345,"345 km straight-line, same state",Inferred Location Match,No replacement,,,,unresolved
DIBRUGARH,Assam,RIL,Guwahati,GUWAHATI,345,"345 km straight-line, same state",Inferred Location Match,No replacement,,,,unresolved
DIBRUGARH,Assam,HMEL,Guwahati,Guwahati,345,"345 km straight-line, same state",Inferred Location Match,No replacement,,,,unresolved
DIBRUGARH,Assam,HPL,Assam (state-wide zone),Assam,,zone covers all of Assam,Territory Match,Approved for Phase 1,,,,unresolved
DIBRUGARH,Assam,OPaL,Barni Hat,Byrnihat,342,342 km straight-line; own-state zone is 345 km away; runner-up Guwahati (345 km); crosses into Meghalaya,Inferred Location Match,No replacement,Guwahati (345 km),yes,own-state zone is 345 km away; runner-up Guwahati (345 km); crosses into Meghalaya,unresolved
DIMAPUR,Nagaland,IOCL,Guwahati,Guwahati,200,200 km straight-line; crosses into Assam,Inferred Location Match,Confirm,,yes,crosses into Assam,unresolved
DIMAPUR,Nagaland,RIL,Guwahati,GUWAHATI,200,200 km straight-line; crosses into Assam,Inferred Location Match,Confirm,,yes,crosses into Assam,unresolved
DIMAPUR,Nagaland,HMEL,Guwahati,Guwahati,200,200 km straight-line; crosses into Assam,Inferred Location Match,Confirm,,yes,crosses into Assam,unresolved
DIMAPUR,Nagaland,HPL,NE states (state-wide zone),Meghalaya & NE States,,zone covers all of Nagaland,Territory Match,Approved for Phase 1,,,,unresolved
DIMAPUR,Nagaland,OPaL,Barni Hat,Byrnihat,186,186 km straight-line; runner-up Guwahati (200 km); crosses into Meghalaya,Inferred Location Match,Confirm,Guwahati (200 km),yes,runner-up Guwahati (200 km); crosses into Meghalaya,unresolved
DISPUR,Assam,IOCL,Guwahati,Guwahati,8,"adjacent zone, 8 km apart",Inferred Location Match,Approved for Phase 1,,,,unresolved
DISPUR,Assam,RIL,Guwahati,GUWAHATI,8,"adjacent zone, 8 km apart",Inferred Location Match,Approved for Phase 1,,,,unresolved
DISPUR,Assam,HMEL,Guwahati,Guwahati,8,"adjacent zone, 8 km apart",Inferred Location Match,Approved for Phase 1,,,,unresolved
DISPUR,Assam,HPL,Assam (state-wide zone),Assam,,zone covers all of Assam,Territory Match,Approved for Phase 1,,,,unresolved
DISPUR,Assam,OPaL,Guwahati,Guwahati,8,"adjacent zone, 8 km apart",Inferred Location Match,Approved for Phase 1,,,,unresolved
DIU,Dadra and Nagar Haveli and Daman and Diu,IOCL,Daman,Daman,195,"195 km straight-line, same state; runner-up Silvassa (215 km)",Inferred Location Match,Confirm,Silvassa (215 km),,runner-up Silvassa (215 km),unresolved
DIU,Dadra and Nagar Haveli and Daman and Diu,RIL,Silvassa,SILVASSA,215,"215 km straight-line, same state",Inferred Location Match,Confirm,,,,unresolved
DIU,Dadra and Nagar Haveli and Daman and Diu,HPL,Daman,Daman,195,"195 km straight-line, same state; runner-up Silvassa (215 km)",Inferred Location Match,Confirm,Silvassa (215 km),,runner-up Silvassa (215 km),unresolved
DURG,Chhattisgarh,IOCL,Chhattisgarh (state-wide zone),Chattisgarh,,zone covers all of Chhattisgarh,Territory Match,Approved for Phase 1,,,,unresolved
DURG,Chhattisgarh,RIL,Raipur,RAIPUR,37,"37 km straight-line, same state",Inferred Location Match,Approved for Phase 1,,,,unresolved
DURG,Chhattisgarh,HMEL,Raipur,Raipur,37,"37 km straight-line, same state",Inferred Location Match,Approved for Phase 1,,,,unresolved
DURG,Chhattisgarh,HPL,Chhattisgarh (state-wide zone),Chattisgarh,,zone covers all of Chhattisgarh,Territory Match,Approved for Phase 1,,,,unresolved
DURG,Chhattisgarh,OPaL,Raipur,Raipur,37,"37 km straight-line, same state",Inferred Location Match,Approved for Phase 1,,,,unresolved
DURGAPUR,West Bengal,IOCL,Barddhaman,Paschim Bardhaman,63,"63 km straight-line, same state; HPL Annexure V puts both in one price point",Inferred Location Match,Approved for Phase 1 (HPL-corroborated),,,,unresolved
DURGAPUR,West Bengal,RIL,Puruliya,PURULIA,99,"99 km straight-line, same state",Inferred Location Match,Approved for Phase 1,,,,unresolved
DURGAPUR,West Bengal,HMEL,Puruliya,Purulia,99,"99 km straight-line, same state",Inferred Location Match,Approved for Phase 1,,,,unresolved
DURGAPUR,West Bengal,HPL,Asansol,West Bengal_Asansol,38,"38 km, HPL's own territory list (Annexure V): Paschim Bardhaman district -> West Bengal_Asansol",Territory Match,Approved for Phase 1,,,,unresolved
DURGAPUR,West Bengal,OPaL,Puruliya,Puruliya,99,"99 km straight-line, same state",Inferred Location Match,Approved for Phase 1,,,,unresolved
ELURU,Andhra Pradesh,IOCL,Guntur,Guntur,83,"83 km straight-line, same state; HPL Annexure V puts both in one price point",Inferred Location Match,Approved for Phase 1 (HPL-corroborated),,,,inferred_via_hpl -> Guntur
ELURU,Andhra Pradesh,RIL,Vijayawada,VIJAYAWADA,54,"54 km straight-line, same state; HPL Annexure V puts both in one price point",Inferred Location Match,Approved for Phase 1 (HPL-corroborated),,,,unresolved
ELURU,Andhra Pradesh,HMEL,Vijayawada,Vijayawada,54,"54 km straight-line, same state; HPL Annexure V puts both in one price point",Inferred Location Match,Approved for Phase 1 (HPL-corroborated),,,,unresolved
ELURU,Andhra Pradesh,HPL,Guntur,Andhra Pradesh_Guntur,83,"83 km, HPL's own territory list (Annexure V): listed district -> Andhra Pradesh_Guntur",Territory Match,Approved for Phase 1,,,,published_map -> Andhra Pradesh_Guntur
ELURU,Andhra Pradesh,OPaL,Vijayawada,Vijaywada/Guntur,54,"54 km straight-line, same state; HPL Annexure V puts both in one price point",Inferred Location Match,Approved for Phase 1 (HPL-corroborated),,,,unresolved
ERODE,Tamil Nadu,IOCL,Salem,Salem,58,"58 km straight-line, same state; HPL Annexure V puts both in one price point",Inferred Location Match,Approved for Phase 1 (HPL-corroborated),,,,inferred_via_hpl -> Coimbatore
ERODE,Tamil Nadu,RIL,Karur,KARUR,58,"58 km straight-line, same state; runner-up Salem (58 km); HPL puts the town in the same price point as Salem (58 km)",Inferred Location Match,Confirm,Salem (58 km),,runner-up Salem (58 km); HPL puts the town in the same price point as Salem (58 km),inferred_via_hpl -> COIMBATORE
ERODE,Tamil Nadu,HMEL,Karur,Karur,58,"58 km straight-line, same state; HPL puts the town in the same price point as Coimbatore (91 km)",Inferred Location Match,Confirm,Coimbatore (91 km),,HPL puts the town in the same price point as Coimbatore (91 km),inferred_via_hpl -> Coimbatore
ERODE,Tamil Nadu,HPL,Coimbatore,Tamil Nadu_Coimbatore,91,"91 km, HPL's own territory list (Annexure V): listed district -> Tamil Nadu_Coimbatore",Territory Match,Approved for Phase 1,,,,published_map -> Tamil Nadu_Coimbatore
ERODE,Tamil Nadu,OPaL,Karur,Karur,58,"58 km straight-line, same state; runner-up Salem (58 km); HPL puts the town in the same price point as Salem (58 km)",Inferred Location Match,Confirm,Salem (58 km),,runner-up Salem (58 km); HPL puts the town in the same price point as Salem (58 km),inferred_via_hpl -> Coimbatore
ETAWAH,Uttar Pradesh,IOCL,Kanpur,Kanpur,137,"137 km straight-line, same state; HPL Annexure V puts both in one price point",Inferred Location Match,Approved for Phase 1 (HPL-corroborated),,,,inferred_via_hpl -> Kanpur
ETAWAH,Uttar Pradesh,RIL,Agra,AGRA,109,"109 km straight-line, same state; HPL puts the town in the same price point as Kanpur (137 km)",Inferred Location Match,Confirm,Kanpur (137 km),,HPL puts the town in the same price point as Kanpur (137 km),inferred_via_hpl -> KANPUR
ETAWAH,Uttar Pradesh,HMEL,Agra,Agra,109,"109 km straight-line, same state; HPL puts the town in the same price point as Kanpur (137 km)",Inferred Location Match,Confirm,Kanpur (137 km),,HPL puts the town in the same price point as Kanpur (137 km),inferred_via_hpl -> Kanpur
ETAWAH,Uttar Pradesh,HPL,Kanpur,Uttar Pradesh_Kanpur,137,"137 km, HPL's own territory list (Annexure V): listed district -> Uttar Pradesh_Kanpur",Territory Match,Approved for Phase 1,,,,published_map -> Uttar Pradesh_Kanpur
ETAWAH,Uttar Pradesh,OPaL,Agra,Agra,109,"109 km straight-line, same state; HPL puts the town in the same price point as Kanpur (137 km)",Inferred Location Match,Confirm,Kanpur (137 km),,HPL puts the town in the same price point as Kanpur (137 km),inferred_via_hpl -> Kanpur
FARIDABAD,Haryana,RIL,New Delhi,DELHI,25,25 km straight-line; own-state zone is 114 km away; crosses into Delhi,Inferred Location Match,Approved for Phase 1,,yes,own-state zone is 114 km away; crosses into Delhi,unresolved
FATEHPUR,Uttar Pradesh,IOCL,Kanpur,Kanpur,76,"76 km straight-line, same state; HPL Annexure V puts both in one price point",Inferred Location Match,Approved for Phase 1 (HPL-corroborated),,,,inferred_via_hpl -> Kanpur
FATEHPUR,Uttar Pradesh,RIL,Kanpur,KANPUR,76,"76 km straight-line, same state; HPL Annexure V puts both in one price point",Inferred Location Match,Approved for Phase 1 (HPL-corroborated),,,,inferred_via_hpl -> KANPUR
FATEHPUR,Uttar Pradesh,HMEL,Kanpur,Kanpur,76,"76 km straight-line, same state; HPL Annexure V puts both in one price point",Inferred Location Match,Approved for Phase 1 (HPL-corroborated),,,,inferred_via_hpl -> Kanpur
FATEHPUR,Uttar Pradesh,HPL,Kanpur,Uttar Pradesh_Kanpur,76,"76 km, HPL's own territory list (Annexure V): listed district -> Uttar Pradesh_Kanpur",Territory Match,Approved for Phase 1,,,,published_map -> Uttar Pradesh_Kanpur
FATEHPUR,Uttar Pradesh,OPaL,Kanpur,Kanpur,76,"76 km straight-line, same state; HPL Annexure V puts both in one price point",Inferred Location Match,Approved for Phase 1 (HPL-corroborated),,,,inferred_via_hpl -> Kanpur
FAZILKA,Punjab,IOCL,Jalandhar,Jalandhar,180,"180 km straight-line, same state; runner-up Ludhiana (184 km); HPL puts the town in the same price point as Ludhiana (184 km)",Inferred Location Match,Confirm,Ludhiana (184 km),,runner-up Ludhiana (184 km); HPL puts the town in the same price point as Ludhiana (184 km),inferred_via_hpl -> Ludhiana
FAZILKA,Punjab,RIL,Ludhiana,LUDHIANA,184,"184 km straight-line, same state; HPL Annexure V puts both in one price point",Inferred Location Match,Approved for Phase 1 (HPL-corroborated),,,,inferred_via_hpl -> LUDHIANA
FAZILKA,Punjab,HMEL,Punjab (state-wide zone),Punjab,,zone covers all of Punjab,Territory Match,Approved for Phase 1,,,,unresolved
FAZILKA,Punjab,HPL,Ludhiana,Punjab_Ludhiana,184,"184 km, HPL's own territory list (Annexure V): listed district -> Punjab_Ludhiana",Territory Match,Approved for Phase 1,,,,published_map -> Punjab_Ludhiana
FAZILKA,Punjab,OPaL,Ludhiana,Ludhiana,184,"184 km straight-line, same state; HPL Annexure V puts both in one price point",Inferred Location Match,Approved for Phase 1 (HPL-corroborated),,,,inferred_via_hpl -> Ludhiana
FIROZPUR,Punjab,IOCL,Jalandhar,Jalandhar,102,"102 km straight-line, same state; HPL puts the town in the same price point as Ludhiana (118 km)",Inferred Location Match,Confirm,Ludhiana (118 km),,HPL puts the town in the same price point as Ludhiana (118 km),unresolved
FIROZPUR,Punjab,RIL,Ludhiana,LUDHIANA,118,"118 km straight-line, same state; HPL Annexure V puts both in one price point",Inferred Location Match,Approved for Phase 1 (HPL-corroborated),,,,unresolved
FIROZPUR,Punjab,HMEL,Punjab (state-wide zone),Punjab,,zone covers all of Punjab,Territory Match,Approved for Phase 1,,,,unresolved
FIROZPUR,Punjab,HPL,Ludhiana,Punjab_Ludhiana,118,"118 km, HPL's own territory list (Annexure V): Firozpur district -> Punjab_Ludhiana",Territory Match,Approved for Phase 1,,,,unresolved
FIROZPUR,Punjab,OPaL,Ludhiana,Ludhiana,118,"118 km straight-line, same state; HPL Annexure V puts both in one price point",Inferred Location Match,Approved for Phase 1 (HPL-corroborated),,,,unresolved
GADARWARA,Madhya Pradesh,IOCL,Jabalpur,Jabalpur,122,"122 km straight-line, same state; HPL Annexure V puts both in one price point",Inferred Location Match,Approved for Phase 1 (HPL-corroborated),,,,unresolved
GADARWARA,Madhya Pradesh,RIL,Jabalpur,JABALPUR,122,"122 km straight-line, same state; HPL Annexure V puts both in one price point",Inferred Location Match,Approved for Phase 1 (HPL-corroborated),,,,unresolved
GADARWARA,Madhya Pradesh,HMEL,Jabalpur,Jabalpur,122,"122 km straight-line, same state; HPL Annexure V puts both in one price point",Inferred Location Match,Approved for Phase 1 (HPL-corroborated),,,,unresolved
GADARWARA,Madhya Pradesh,HPL,Jabalpur,Madhya Pradesh_Jabalpur,122,"122 km, HPL's own territory list (Annexure V): Narsimhapur district -> Madhya Pradesh_Jabalpur",Territory Match,Approved for Phase 1,,,,unresolved
GADARWARA,Madhya Pradesh,OPaL,Jabalpur,Jabalpur,122,"122 km straight-line, same state; HPL Annexure V puts both in one price point",Inferred Location Match,Approved for Phase 1 (HPL-corroborated),,,,unresolved
GADCHIROLI,Maharashtra,IOCL,Nagpur,Nagpur,144,"144 km straight-line, same state; HPL Annexure V puts both in one price point",Inferred Location Match,Approved for Phase 1 (HPL-corroborated),,,,unresolved
GADCHIROLI,Maharashtra,RIL,Nagpur,NAGPUR,144,"144 km straight-line, same state; HPL Annexure V puts both in one price point",Inferred Location Match,Approved for Phase 1 (HPL-corroborated),,,,unresolved
GADCHIROLI,Maharashtra,HMEL,Nagpur,Nagpur,144,"144 km straight-line, same state; HPL Annexure V puts both in one price point",Inferred Location Match,Approved for Phase 1 (HPL-corroborated),,,,unresolved
GADCHIROLI,Maharashtra,HPL,Nagpur,Maharashtra_Nagpur,144,"144 km, HPL's own territory list (Annexure V): Gadchiroli district -> Maharashtra_Nagpur",Territory Match,Approved for Phase 1,,,,unresolved
GADCHIROLI,Maharashtra,OPaL,Nagpur,Nagpur,144,"144 km straight-line, same state; HPL Annexure V puts both in one price point",Inferred Location Match,Approved for Phase 1 (HPL-corroborated),,,,unresolved
GANGTOK (SIKKIM),Sikkim,IOCL,Jalpaiguri,Jalpaiguri,91,91 km straight-line; crosses into West Bengal,Inferred Location Match,Approved for Phase 1,,yes,crosses into West Bengal,unresolved
GANGTOK (SIKKIM),Sikkim,RIL,Jalpaiguri,JALPAIGURI,91,91 km straight-line; crosses into West Bengal,Inferred Location Match,Approved for Phase 1,,yes,crosses into West Bengal,unresolved
GANGTOK (SIKKIM),Sikkim,HMEL,Siliguri,Siliguri,71,71 km straight-line; crosses into West Bengal,Inferred Location Match,Approved for Phase 1,,yes,crosses into West Bengal,unresolved
GANGTOK (SIKKIM),Sikkim,HPL,Siliguri,West Bengal_Siliguri,71,71 km straight-line; crosses into West Bengal,Inferred Location Match,Approved for Phase 1,,yes,crosses into West Bengal,unresolved
GAYA,Bihar,IOCL,Bihar (state-wide zone),Bihar,,zone covers all of Bihar,Territory Match,Approved for Phase 1,,,,unresolved
GAYA,Bihar,RIL,Patna,PATNA,90,"90 km straight-line, same state",Inferred Location Match,Approved for Phase 1,,,,unresolved
GAYA,Bihar,HMEL,Patna,Patna,90,"90 km straight-line, same state",Inferred Location Match,Approved for Phase 1,,,,unresolved
GAYA,Bihar,HPL,Bihar (state-wide zone),Bihar,,zone covers all of Bihar,Territory Match,Approved for Phase 1,,,,unresolved
GAYA,Bihar,OPaL,Patna,Patna,90,"90 km straight-line, same state",Inferred Location Match,Approved for Phase 1,,,,unresolved
GAZIABAD/NOIDA,Uttar Pradesh,RIL,New Delhi,DELHI,12,12 km straight-line; own-state zone is 169 km away; crosses into Delhi,Inferred Location Match,Approved for Phase 1,,yes,own-state zone is 169 km away; crosses into Delhi,unresolved
GAZIABAD/NOIDA,Uttar Pradesh,HPL,Noida,Uttar Pradesh_Noida,0,"0 km, HPL's own territory list (Annexure V): listed district -> Uttar Pradesh_Noida",Territory Match,Approved for Phase 1,,,,published_map -> Uttar Pradesh_Noida
GHAZIPUR,Uttar Pradesh,IOCL,Chandauli,Chandauli,48,"48 km straight-line, same state; HPL Annexure V puts both in one price point",Inferred Location Match,Approved for Phase 1 (HPL-corroborated),,,,unresolved
GHAZIPUR,Uttar Pradesh,RIL,Varanasi,VARANASI,65,"65 km straight-line, same state; HPL Annexure V puts both in one price point",Inferred Location Match,Approved for Phase 1 (HPL-corroborated),,,,inferred_via_hpl -> VARANASI
GHAZIPUR,Uttar Pradesh,HMEL,Chandauli,Chandauli,48,"48 km straight-line, same state; HPL Annexure V puts both in one price point",Inferred Location Match,Approved for Phase 1 (HPL-corroborated),,,,inferred_via_hpl -> Varanasi
GHAZIPUR,Uttar Pradesh,HPL,Varanasi,Uttar Pradesh_Varanasi,65,"65 km, HPL's own territory list (Annexure V): listed district -> Uttar Pradesh_Varanasi",Territory Match,Approved for Phase 1,,,,published_map -> Uttar Pradesh_Varanasi
GHAZIPUR,Uttar Pradesh,OPaL,Varanasi,Varanasi,65,"65 km straight-line, same state; HPL Annexure V puts both in one price point",Inferred Location Match,Approved for Phase 1 (HPL-corroborated),,,,inferred_via_hpl -> Varanasi
GODHRA,Gujarat,IOCL,Vadodara,Vadodara,67,"67 km straight-line, same state; HPL Annexure V puts both in one price point",Inferred Location Match,Approved for Phase 1 (HPL-corroborated),,,,unresolved
GODHRA,Gujarat,RIL,Vadodara,BARODA,67,"67 km straight-line, same state; HPL Annexure V puts both in one price point",Inferred Location Match,Approved for Phase 1 (HPL-corroborated),,,,unresolved
GODHRA,Gujarat,HMEL,Vadodara,Vadodara,67,"67 km straight-line, same state; HPL Annexure V puts both in one price point",Inferred Location Match,Approved for Phase 1 (HPL-corroborated),,,,unresolved
GODHRA,Gujarat,HPL,Vadodara,Gujarat_Vadodara,67,"67 km, HPL's own territory list (Annexure V): Panchmahal district -> Gujarat_Vadodara",Territory Match,Approved for Phase 1,,,,unresolved
GODHRA,Gujarat,OPaL,Vadodara,Vadodara,67,"67 km straight-line, same state; HPL Annexure V puts both in one price point",Inferred Location Match,Approved for Phase 1 (HPL-corroborated),,,,unresolved
GONDIA,Maharashtra,IOCL,Nagpur,Nagpur,120,"120 km straight-line, same state; HPL Annexure V puts both in one price point",Inferred Location Match,Approved for Phase 1 (HPL-corroborated),,,,inferred_via_hpl -> Nagpur
GONDIA,Maharashtra,RIL,Nagpur,NAGPUR,120,"120 km straight-line, same state; HPL Annexure V puts both in one price point",Inferred Location Match,Approved for Phase 1 (HPL-corroborated),,,,inferred_via_hpl -> NAGPUR
GONDIA,Maharashtra,HMEL,Nagpur,Nagpur,120,"120 km straight-line, same state; HPL Annexure V puts both in one price point",Inferred Location Match,Approved for Phase 1 (HPL-corroborated),,,,inferred_via_hpl -> Nagpur
GONDIA,Maharashtra,HPL,Nagpur,Maharashtra_Nagpur,120,"120 km, HPL's own territory list (Annexure V): listed district -> Maharashtra_Nagpur",Territory Match,Approved for Phase 1,,,,published_map -> Maharashtra_Nagpur
GONDIA,Maharashtra,OPaL,Nagpur,Nagpur,120,"120 km straight-line, same state; HPL Annexure V puts both in one price point",Inferred Location Match,Approved for Phase 1 (HPL-corroborated),,,,inferred_via_hpl -> Nagpur
GORAKHPUR,Uttar Pradesh,IOCL,Chandauli,Chandauli,168,"168 km straight-line, same state; HPL Annexure V puts both in one price point",Inferred Location Match,Approved for Phase 1 (HPL-corroborated),,,,unresolved
GORAKHPUR,Uttar Pradesh,RIL,Varanasi,VARANASI,165,"165 km straight-line, same state; HPL Annexure V puts both in one price point",Inferred Location Match,Approved for Phase 1 (HPL-corroborated),,,,inferred_via_hpl -> VARANASI
GORAKHPUR,Uttar Pradesh,HMEL,Varanasi,Varanasi,165,"165 km straight-line, same state; HPL Annexure V puts both in one price point",Inferred Location Match,Approved for Phase 1 (HPL-corroborated),,,,inferred_via_hpl -> Varanasi
GORAKHPUR,Uttar Pradesh,HPL,Varanasi,Uttar Pradesh_Varanasi,165,"165 km, HPL's own territory list (Annexure V): listed district -> Uttar Pradesh_Varanasi",Territory Match,Approved for Phase 1,,,,published_map -> Uttar Pradesh_Varanasi
GORAKHPUR,Uttar Pradesh,OPaL,Varanasi,Varanasi,165,"165 km straight-line, same state; HPL Annexure V puts both in one price point",Inferred Location Match,Approved for Phase 1 (HPL-corroborated),,,,inferred_via_hpl -> Varanasi
GUNA,Madhya Pradesh,IOCL,Bhopal,Bhopal,155,"155 km straight-line, same state; HPL Annexure V puts both in one price point",Inferred Location Match,Approved for Phase 1 (HPL-corroborated),,,,inferred_via_hpl -> Bhopal
GUNA,Madhya Pradesh,RIL,Tikamgarh,TIKAMGARH,154,"154 km straight-line, same state; runner-up Bhopal (155 km); HPL puts the town in the same price point as Bhopal (155 km)",Inferred Location Match,Confirm,Bhopal (155 km),,runner-up Bhopal (155 km); HPL puts the town in the same price point as Bhopal (155 km),inferred_via_hpl -> BHOPAL
GUNA,Madhya Pradesh,HMEL,Bhopal,Bhopal,155,"155 km straight-line, same state; HPL Annexure V puts both in one price point",Inferred Location Match,Approved for Phase 1 (HPL-corroborated),,,,inferred_via_hpl -> Bhopal
GUNA,Madhya Pradesh,HPL,Bhopal,Madhya Pradesh_Bhopal,155,"155 km, HPL's own territory list (Annexure V): listed district -> Madhya Pradesh_Bhopal",Territory Match,Approved for Phase 1,,,,published_map -> Madhya Pradesh_Bhopal
GUNA,Madhya Pradesh,OPaL,Tikamgarh,Tikamgarh,154,"154 km straight-line, same state; runner-up Bhopal (155 km); HPL puts the town in the same price point as Bhopal (155 km)",Inferred Location Match,Confirm,Bhopal (155 km),,runner-up Bhopal (155 km); HPL puts the town in the same price point as Bhopal (155 km),inferred_via_hpl -> Bhopal
GUNTUR,Andhra Pradesh,RIL,Vijayawada,VIJAYAWADA,31,"31 km straight-line, same state; HPL Annexure V puts both in one price point",Inferred Location Match,Approved for Phase 1 (HPL-corroborated),,,,unresolved
GUNTUR,Andhra Pradesh,HMEL,Vijayawada,Vijayawada,31,"31 km straight-line, same state; HPL Annexure V puts both in one price point",Inferred Location Match,Approved for Phase 1 (HPL-corroborated),,,,unresolved
GUNTUR,Andhra Pradesh,OPaL,Vijayawada,Vijaywada/Guntur,31,"31 km straight-line, same state; HPL Annexure V puts both in one price point",Inferred Location Match,Approved for Phase 1 (HPL-corroborated),,,,unresolved
GURGAON,Haryana,RIL,New Delhi,DELHI,26,26 km straight-line; own-state zone is 103 km away; runner-up Bhiwadi (32 km); crosses into Delhi,Inferred Location Match,Confirm,Bhiwadi (32 km),yes,own-state zone is 103 km away; runner-up Bhiwadi (32 km); crosses into Delhi,unresolved
GUWAHATI,Assam,HPL,Assam (state-wide zone),Assam,,zone covers all of Assam,Territory Match,Approved for Phase 1,,,,unresolved
HALDAWANI,Uttarakhand,IOCL,Rudrapur,Udham Singh Nagar,30,"30 km straight-line, same state; HPL Annexure V puts both in one price point",Inferred Location Match,Approved for Phase 1 (HPL-corroborated),,,,unresolved
HALDAWANI,Uttarakhand,RIL,Rudrapur,RUDRAPUR,30,"30 km straight-line, same state; HPL Annexure V puts both in one price point",Inferred Location Match,Approved for Phase 1 (HPL-corroborated),,,,unresolved
HALDAWANI,Uttarakhand,HMEL,Rudrapur,Rudrapur,30,"30 km straight-line, same state; HPL Annexure V puts both in one price point",Inferred Location Match,Approved for Phase 1 (HPL-corroborated),,,,unresolved
HALDAWANI,Uttarakhand,HPL,Sitarganj,Uttarakhand_Sitarganj,37,"37 km, HPL's own territory list (Annexure V): Nainital district -> Uttarakhand_Sitarganj",Territory Match,Approved for Phase 1,,,,unresolved
HALDAWANI,Uttarakhand,OPaL,Rudrapur,Rudrapur,30,"30 km straight-line, same state; HPL Annexure V puts both in one price point",Inferred Location Match,Approved for Phase 1 (HPL-corroborated),,,,unresolved
HALDIA,West Bengal,IOCL,Howrah,Howrah,61,"61 km straight-line, same state; HPL Annexure V puts both in one price point",Inferred Location Match,Approved for Phase 1 (HPL-corroborated),,,,unresolved
HALDIA,West Bengal,RIL,Kolkata,CALCUTTA,62,"62 km straight-line, same state; HPL Annexure V puts both in one price point",Inferred Location Match,Approved for Phase 1 (HPL-corroborated),,,,unresolved
HALDIA,West Bengal,HMEL,Kolkata,Kolkata,62,"62 km straight-line, same state; HPL Annexure V puts both in one price point",Inferred Location Match,Approved for Phase 1 (HPL-corroborated),,,,unresolved
HALDIA,West Bengal,HPL,Howrah,West Bengal_Howrah,61,"61 km, HPL's own territory list (Annexure V): Purba Medinipur district -> West Bengal_Howrah",Territory Match,Approved for Phase 1,,,,unresolved
HALDIA,West Bengal,OPaL,Kolkata,Kolkata,62,"62 km straight-line, same state; HPL Annexure V puts both in one price point",Inferred Location Match,Approved for Phase 1 (HPL-corroborated),,,,unresolved
HALOL,Gujarat,IOCL,Vadodara,Vadodara,35,"35 km straight-line, same state; HPL Annexure V puts both in one price point",Inferred Location Match,Approved for Phase 1 (HPL-corroborated),,,,unresolved
HALOL,Gujarat,RIL,Vadodara,BARODA,35,"35 km straight-line, same state; HPL Annexure V puts both in one price point",Inferred Location Match,Approved for Phase 1 (HPL-corroborated),,,,unresolved
HALOL,Gujarat,HMEL,Vadodara,Vadodara,35,"35 km straight-line, same state; HPL Annexure V puts both in one price point",Inferred Location Match,Approved for Phase 1 (HPL-corroborated),,,,unresolved
HALOL,Gujarat,HPL,Vadodara,Gujarat_Vadodara,35,"35 km, HPL's own territory list (Annexure V): Panchmahal district -> Gujarat_Vadodara",Territory Match,Approved for Phase 1,,,,unresolved
HALOL,Gujarat,OPaL,Vadodara,Vadodara,35,"35 km straight-line, same state; HPL Annexure V puts both in one price point",Inferred Location Match,Approved for Phase 1 (HPL-corroborated),,,,unresolved
HALVAD,Gujarat,IOCL,Rajkot,Rajkot,90,"90 km straight-line, same state; HPL Annexure V puts both in one price point",Inferred Location Match,Approved for Phase 1 (HPL-corroborated),,,,unresolved
HALVAD,Gujarat,RIL,Rajkot,RAJKOT,90,"90 km straight-line, same state; HPL Annexure V puts both in one price point",Inferred Location Match,Approved for Phase 1 (HPL-corroborated),,,,unresolved
HALVAD,Gujarat,HMEL,Rajkot,Rajkot,90,"90 km straight-line, same state; HPL Annexure V puts both in one price point",Inferred Location Match,Approved for Phase 1 (HPL-corroborated),,,,unresolved
HALVAD,Gujarat,HPL,Rajkot,Gujarat_Rajkot,90,"90 km, HPL's own territory list (Annexure V): Morbi district -> Gujarat_Rajkot",Territory Match,Approved for Phase 1,,,,unresolved
HALVAD,Gujarat,OPaL,Rajkot,Rajkot,90,"90 km straight-line, same state; HPL Annexure V puts both in one price point",Inferred Location Match,Approved for Phase 1 (HPL-corroborated),,,,unresolved
HARIDWAR,Uttarakhand,RIL,Dehradun,DEHRADUN,44,"44 km straight-line, same state; HPL Annexure V puts both in one price point",Inferred Location Match,Approved for Phase 1 (HPL-corroborated),,,,unresolved
HARIDWAR,Uttarakhand,HMEL,Dehradun,Dehradun,44,"44 km straight-line, same state; HPL Annexure V puts both in one price point",Inferred Location Match,Approved for Phase 1 (HPL-corroborated),,,,unresolved
HARIDWAR,Uttarakhand,OPaL,Dehradun,Dehradun,44,"44 km straight-line, same state; HPL Annexure V puts both in one price point",Inferred Location Match,Approved for Phase 1 (HPL-corroborated),,,,unresolved
HATHRAS,Uttar Pradesh,IOCL,Mathura,Mathura,39,"39 km straight-line, same state; HPL Annexure V puts both in one price point",Inferred Location Match,Approved for Phase 1 (HPL-corroborated),,,,inferred_via_hpl -> Mathura
HATHRAS,Uttar Pradesh,RIL,Agra,AGRA,46,"46 km straight-line, same state; HPL Annexure V puts both in one price point",Inferred Location Match,Approved for Phase 1 (HPL-corroborated),,,,unresolved
HATHRAS,Uttar Pradesh,HMEL,Agra,Agra,46,"46 km straight-line, same state; HPL Annexure V puts both in one price point",Inferred Location Match,Approved for Phase 1 (HPL-corroborated),,,,unresolved
HATHRAS,Uttar Pradesh,HPL,Mathura,Uttar Pradesh_Mathura,39,"39 km, HPL's own territory list (Annexure V): listed district -> Uttar Pradesh_Mathura",Territory Match,Approved for Phase 1,,,,published_map -> Uttar Pradesh_Mathura
HATHRAS,Uttar Pradesh,OPaL,Agra,Agra,46,"46 km straight-line, same state; HPL Annexure V puts both in one price point",Inferred Location Match,Approved for Phase 1 (HPL-corroborated),,,,unresolved
HIMMATNAGAR,Gujarat,IOCL,Mahesana,Mehsana,59,"59 km straight-line, same state; HPL Annexure V puts both in one price point",Inferred Location Match,Approved for Phase 1 (HPL-corroborated),,,,unresolved
HIMMATNAGAR,Gujarat,RIL,Ahmedabad,AHMEDABAD,75,"75 km straight-line, same state",Inferred Location Match,Approved for Phase 1,,,,unresolved
HIMMATNAGAR,Gujarat,HMEL,Mahesana,Mehsana,59,"59 km straight-line, same state; HPL Annexure V puts both in one price point",Inferred Location Match,Approved for Phase 1 (HPL-corroborated),,,,unresolved
HIMMATNAGAR,Gujarat,HPL,Mahesana,Gujarat_Mehsana,59,"59 km, HPL's own territory list (Annexure V): Sabarkantha district -> Gujarat_Mehsana",Territory Match,Approved for Phase 1,,,,unresolved
HIMMATNAGAR,Gujarat,OPaL,Kalol,Kalol (Mehsana),62,"62 km straight-line, same state; runner-up Ahmedabad (75 km)",Inferred Location Match,Confirm,Ahmedabad (75 km),,runner-up Ahmedabad (75 km),unresolved
HINGANGHAT,Maharashtra,IOCL,Nagpur,Nagpur,71,"71 km straight-line, same state; HPL Annexure V puts both in one price point",Inferred Location Match,Approved for Phase 1 (HPL-corroborated),,,,unresolved
HINGANGHAT,Maharashtra,RIL,Nagpur,NAGPUR,71,"71 km straight-line, same state; HPL Annexure V puts both in one price point",Inferred Location Match,Approved for Phase 1 (HPL-corroborated),,,,unresolved
HINGANGHAT,Maharashtra,HMEL,Nagpur,Nagpur,71,"71 km straight-line, same state; HPL Annexure V puts both in one price point",Inferred Location Match,Approved for Phase 1 (HPL-corroborated),,,,unresolved
HINGANGHAT,Maharashtra,HPL,Nagpur,Maharashtra_Nagpur,71,"71 km, HPL's own territory list (Annexure V): Wardha district -> Maharashtra_Nagpur",Territory Match,Approved for Phase 1,,,,unresolved
HINGANGHAT,Maharashtra,OPaL,Nagpur,Nagpur,71,"71 km straight-line, same state; HPL Annexure V puts both in one price point",Inferred Location Match,Approved for Phase 1 (HPL-corroborated),,,,unresolved
HISSAR,Haryana,IOCL,Panipat,Panipat,124,"124 km straight-line, same state; HPL Annexure V puts both in one price point",Inferred Location Match,Approved for Phase 1 (HPL-corroborated),,,,unresolved
HISSAR,Haryana,RIL,Panipat,PANIPAT,124,"124 km straight-line, same state; HPL Annexure V puts both in one price point",Inferred Location Match,Approved for Phase 1 (HPL-corroborated),,,,unresolved
HISSAR,Haryana,HMEL,Panipat,Panipat,124,"124 km straight-line, same state; HPL Annexure V puts both in one price point",Inferred Location Match,Approved for Phase 1 (HPL-corroborated),,,,unresolved
HISSAR,Haryana,HPL,Panipat,Haryana_Panipat,124,"124 km, HPL's own territory list (Annexure V): Hisār district -> Haryana_Panipat",Territory Match,Approved for Phase 1,,,,unresolved
HISSAR,Haryana,OPaL,Panipat,Panipat,124,"124 km straight-line, same state; HPL Annexure V puts both in one price point",Inferred Location Match,Approved for Phase 1 (HPL-corroborated),,,,unresolved
HOSUR,Tamil Nadu,IOCL,Salem,Salem,125,"125 km straight-line, same state; HPL Annexure V puts both in one price point",Inferred Location Match,Approved for Phase 1 (HPL-corroborated),,,,unresolved
HOSUR,Tamil Nadu,RIL,Hosur,HOSUR-TK,0,"same place, different label/spelling (0 km)",Inferred Location Match,Approved for Phase 1,,,,unresolved
HOSUR,Tamil Nadu,HMEL,Bengaluru,Bengaluru,37,37 km straight-line; own-state zone is 200 km away; HPL puts the town in the same price point as Coimbatore (214 km); crosses into Karnataka,Inferred Location Match,Confirm,Coimbatore (214 km),yes,own-state zone is 200 km away; HPL puts the town in the same price point as Coimbatore (214 km); crosses into Karnataka,unresolved
HOSUR,Tamil Nadu,HPL,Coimbatore,Tamil Nadu_Coimbatore,214,"214 km, HPL's own territory list (Annexure V): Dharmapuri district -> Tamil Nadu_Coimbatore",Territory Match,Approved for Phase 1,,,,unresolved
HUBLI,Karnataka,IOCL,Dharwad,Dharwad,18,"18 km straight-line, same state; HPL Annexure V puts both in one price point",Inferred Location Match,Approved for Phase 1 (HPL-corroborated),,,,unresolved
HUBLI,Karnataka,HPL,Mangaluru,Karnataka_Mangalore,272,"272 km, HPL's own territory list (Annexure V): Dharwad district -> Karnataka_Mangalore",Territory Match,Approved for Phase 1,,,,unresolved
IDUKKI,Kerala,IOCL,Kerala (state-wide zone),Kerala,,zone covers all of Kerala,Territory Match,Approved for Phase 1,,,,unresolved
IDUKKI,Kerala,RIL,Kochi,COCHIN,78,"78 km straight-line, same state",Inferred Location Match,Approved for Phase 1,,,,unresolved
IDUKKI,Kerala,HMEL,Kochi,Cochin,78,"78 km straight-line, same state",Inferred Location Match,Approved for Phase 1,,,,unresolved
IDUKKI,Kerala,HPL,Kerala (state-wide zone),Kerala,,zone covers all of Kerala,Territory Match,Approved for Phase 1,,,,unresolved
IDUKKI,Kerala,OPaL,Kochi,Cochin,78,"78 km straight-line, same state",Inferred Location Match,Approved for Phase 1,,,,unresolved
IMPHAL,Manipur,IOCL,Guwahati,Guwahati,269,269 km straight-line; crosses into Assam,Inferred Location Match,No replacement,,yes,crosses into Assam,unresolved
IMPHAL,Manipur,RIL,Guwahati,GUWAHATI,269,269 km straight-line; runner-up Agartala (291 km); crosses into Assam,Inferred Location Match,No replacement,Agartala (291 km),yes,runner-up Agartala (291 km); crosses into Assam,unresolved
IMPHAL,Manipur,HMEL,Guwahati,Guwahati,269,269 km straight-line; crosses into Assam,Inferred Location Match,No replacement,,yes,crosses into Assam,unresolved
IMPHAL,Manipur,HPL,NE states (state-wide zone),Meghalaya & NE States,,zone covers all of Manipur,Territory Match,Approved for Phase 1,,,,unresolved
IMPHAL,Manipur,OPaL,Barni Hat,Byrnihat,250,250 km straight-line; runner-up Guwahati (269 km); crosses into Meghalaya,Inferred Location Match,No replacement,Guwahati (269 km),yes,runner-up Guwahati (269 km); crosses into Meghalaya,unresolved
JAGADHARI,Haryana,IOCL,Panipat,Panipat,93,"93 km straight-line, same state; HPL Annexure V puts both in one price point",Inferred Location Match,Approved for Phase 1 (HPL-corroborated),,,,unresolved
JAGADHARI,Haryana,RIL,Panipat,PANIPAT,93,"93 km straight-line, same state; HPL Annexure V puts both in one price point",Inferred Location Match,Approved for Phase 1 (HPL-corroborated),,,,unresolved
JAGADHARI,Haryana,HMEL,Panipat,Panipat,93,"93 km straight-line, same state; HPL Annexure V puts both in one price point",Inferred Location Match,Approved for Phase 1 (HPL-corroborated),,,,unresolved
JAGADHARI,Haryana,HPL,Panipat,Haryana_Panipat,93,"93 km, HPL's own territory list (Annexure V): Yamunanagar district -> Haryana_Panipat",Territory Match,Approved for Phase 1,,,,unresolved
JAGADHARI,Haryana,OPaL,Panipat,Panipat,93,"93 km straight-line, same state; HPL Annexure V puts both in one price point",Inferred Location Match,Approved for Phase 1 (HPL-corroborated),,,,unresolved
JAGDISHPUR,Uttar Pradesh,IOCL,Kanpur,Kanpur,37,"37 km straight-line, same state; HPL puts the town in the same price point as Chandauli (319 km); town identity uncertain",Inferred Location Match,Confirm,Chandauli (319 km),,HPL puts the town in the same price point as Chandauli (319 km); town identity uncertain,unresolved
JAGDISHPUR,Uttar Pradesh,RIL,Kanpur,KANPUR,37,"37 km straight-line, same state; HPL puts the town in the same price point as Varanasi (293 km); town identity uncertain",Inferred Location Match,Confirm,Varanasi (293 km),,HPL puts the town in the same price point as Varanasi (293 km); town identity uncertain,unresolved
JAGDISHPUR,Uttar Pradesh,HMEL,Kanpur,Kanpur,37,"37 km straight-line, same state; HPL puts the town in the same price point as Varanasi (293 km); town identity uncertain",Inferred Location Match,Confirm,Varanasi (293 km),,HPL puts the town in the same price point as Varanasi (293 km); town identity uncertain,unresolved
JAGDISHPUR,Uttar Pradesh,HPL,Varanasi,Uttar Pradesh_Varanasi,293,"293 km, HPL's own territory list (Annexure V): Amethi district -> Uttar Pradesh_Varanasi",Territory Match,Approved for Phase 1,,,,unresolved
JAGDISHPUR,Uttar Pradesh,OPaL,Kanpur,Kanpur,37,"37 km straight-line, same state; HPL puts the town in the same price point as Varanasi (293 km); town identity uncertain",Inferred Location Match,Confirm,Varanasi (293 km),,HPL puts the town in the same price point as Varanasi (293 km); town identity uncertain,unresolved
JALANDHAR,Punjab,RIL,Ludhiana,LUDHIANA,53,"53 km straight-line, same state",Inferred Location Match,Approved for Phase 1,,,,unresolved
JALANDHAR,Punjab,HMEL,Punjab (state-wide zone),Punjab,,zone covers all of Punjab,Territory Match,Approved for Phase 1,,,,unresolved
JALANDHAR,Punjab,HPL,Amritsar,Punjab_Amritsar,74,"74 km, HPL's own territory list (Annexure V): listed district -> Punjab_Amritsar",Territory Match,Approved for Phase 1,,,,published_map -> Punjab_Amritsar
JALANDHAR,Punjab,OPaL,Ludhiana,Ludhiana,53,"53 km straight-line, same state",Inferred Location Match,Approved for Phase 1,,,,unresolved
JALNA,Maharashtra,IOCL,Aurangabad,Aurangabad,57,"57 km straight-line, same state; HPL Annexure V puts both in one price point",Inferred Location Match,Approved for Phase 1 (HPL-corroborated),,,,inferred_via_hpl -> Aurangabad
JALNA,Maharashtra,RIL,Aurangabad,AURANGBDMH,57,"57 km straight-line, same state; HPL Annexure V puts both in one price point",Inferred Location Match,Approved for Phase 1 (HPL-corroborated),,,,unresolved
JALNA,Maharashtra,HMEL,Aurangabad,Aurangabad,57,"57 km straight-line, same state; HPL Annexure V puts both in one price point",Inferred Location Match,Approved for Phase 1 (HPL-corroborated),,,,inferred_via_hpl -> Aurangabad
JALNA,Maharashtra,HPL,Aurangabad,Maharashtra_Aurangabad,57,"57 km, HPL's own territory list (Annexure V): listed district -> Maharashtra_Aurangabad",Territory Match,Approved for Phase 1,,,,published_map -> Maharashtra_Aurangabad
JALNA,Maharashtra,OPaL,Aurangabad,Aurangabad (MH),57,"57 km straight-line, same state; HPL Annexure V puts both in one price point",Inferred Location Match,Approved for Phase 1 (HPL-corroborated),,,,inferred_via_hpl -> Aurangabad (MH)
JAM KHAMBH,Gujarat,IOCL,Gandhidham,Gandhidham,109,"109 km straight-line, same state; runner-up Rajkot (118 km); HPL puts the town in the same price point as Rajkot (118 km)",Inferred Location Match,Confirm,Rajkot (118 km),,runner-up Rajkot (118 km); HPL puts the town in the same price point as Rajkot (118 km),unresolved
JAM KHAMBH,Gujarat,RIL,Gandhidham,GANDHIDHAM,109,"109 km straight-line, same state; runner-up Rajkot (118 km); HPL puts the town in the same price point as Rajkot (118 km)",Inferred Location Match,Confirm,Rajkot (118 km),,runner-up Rajkot (118 km); HPL puts the town in the same price point as Rajkot (118 km),unresolved
JAM KHAMBH,Gujarat,HMEL,Porbandar,Porbandar,63,"63 km straight-line, same state; HPL Annexure V puts both in one price point",Inferred Location Match,Approved for Phase 1 (HPL-corroborated),,,,unresolved
JAM KHAMBH,Gujarat,HPL,Rajkot,Gujarat_Rajkot,118,"118 km, HPL's own territory list (Annexure V): Devbhumi Dwarka district -> Gujarat_Rajkot",Territory Match,Approved for Phase 1,,,,unresolved
JAM KHAMBH,Gujarat,OPaL,Gandhidham,Gandhidham,109,"109 km straight-line, same state; runner-up Rajkot (118 km); HPL puts the town in the same price point as Rajkot (118 km)",Inferred Location Match,Confirm,Rajkot (118 km),,runner-up Rajkot (118 km); HPL puts the town in the same price point as Rajkot (118 km),unresolved
JAMNAGAR,Gujarat,IOCL,Gandhidham,Gandhidham,68,"68 km straight-line, same state; runner-up Rajkot (77 km); HPL puts the town in the same price point as Rajkot (77 km)",Inferred Location Match,Confirm,Rajkot (77 km),,runner-up Rajkot (77 km); HPL puts the town in the same price point as Rajkot (77 km),inferred_via_hpl -> Rajkot
JAMNAGAR,Gujarat,RIL,Gandhidham,GANDHIDHAM,68,"68 km straight-line, same state; runner-up Rajkot (77 km); HPL puts the town in the same price point as Rajkot (77 km)",Inferred Location Match,Confirm,Rajkot (77 km),,runner-up Rajkot (77 km); HPL puts the town in the same price point as Rajkot (77 km),inferred_via_hpl -> RAJKOT
JAMNAGAR,Gujarat,HMEL,Mundra,Mundra,54,"54 km straight-line, same state; runner-up Gandhidham (68 km); HPL puts the town in the same price point as Rajkot (77 km)",Inferred Location Match,Confirm,Gandhidham (68 km),,runner-up Gandhidham (68 km); HPL puts the town in the same price point as Rajkot (77 km),inferred_via_hpl -> Rajkot
JAMNAGAR,Gujarat,HPL,Rajkot,Gujarat_Rajkot,77,"77 km, HPL's own territory list (Annexure V): listed district -> Gujarat_Rajkot",Territory Match,Approved for Phase 1,,,,published_map -> Gujarat_Rajkot
JAMNAGAR,Gujarat,OPaL,Gandhidham,Gandhidham,68,"68 km straight-line, same state; runner-up Rajkot (77 km); HPL puts the town in the same price point as Rajkot (77 km)",Inferred Location Match,Confirm,Rajkot (77 km),,runner-up Rajkot (77 km); HPL puts the town in the same price point as Rajkot (77 km),inferred_via_hpl -> Rajkot
JAMSHEDPUR,Jharkhand,IOCL,Jharkhand (state-wide zone),Jharkhand,,zone covers all of Jharkhand,Territory Match,Approved for Phase 1,,,,unresolved
JAMSHEDPUR,Jharkhand,RIL,Ranchi,RANCHI,108,"108 km straight-line, same state; a zone across the border is 1.5x+ closer: Puruliya, West Bengal (61 km) vs 108 km in-state",Inferred Location Match,Confirm,Puruliya (61 km),,"a zone across the border is 1.5x+ closer: Puruliya, West Bengal (61 km) vs 108 km in-state",unresolved
JAMSHEDPUR,Jharkhand,HPL,Jharkhand (state-wide zone),Jharkhand_Ranchi,,zone covers all of Jharkhand,Territory Match,Approved for Phase 1,,,,unresolved
JETPUR,Gujarat,IOCL,Rajkot,Rajkot,62,"62 km straight-line, same state; HPL Annexure V puts both in one price point",Inferred Location Match,Approved for Phase 1 (HPL-corroborated),,,,unresolved
JETPUR,Gujarat,RIL,Rajkot,RAJKOT,62,"62 km straight-line, same state; HPL Annexure V puts both in one price point",Inferred Location Match,Approved for Phase 1 (HPL-corroborated),,,,unresolved
JETPUR,Gujarat,HMEL,Rajkot,Rajkot,62,"62 km straight-line, same state; HPL Annexure V puts both in one price point",Inferred Location Match,Approved for Phase 1 (HPL-corroborated),,,,unresolved
JETPUR,Gujarat,HPL,Rajkot,Gujarat_Rajkot,62,"62 km, HPL's own territory list (Annexure V): Rājkot district -> Gujarat_Rajkot",Territory Match,Approved for Phase 1,,,,unresolved
JETPUR,Gujarat,OPaL,Rajkot,Rajkot,62,"62 km straight-line, same state; HPL Annexure V puts both in one price point",Inferred Location Match,Approved for Phase 1 (HPL-corroborated),,,,unresolved
JEYPORE,Odisha,IOCL,Visakhapatnam,Visak,147,147 km straight-line; own-state zone is 296 km away; HPL puts the town in the same price point as Cuttack (390 km); crosses into Andhra Pradesh,Inferred Location Match,Confirm,Cuttack (390 km),yes,own-state zone is 296 km away; HPL puts the town in the same price point as Cuttack (390 km); crosses into Andhra Pradesh,unresolved
JEYPORE,Odisha,RIL,Visakhapatnam,VISHAKAPATNAM,147,147 km straight-line; own-state zone is 296 km away; HPL puts the town in the same price point as Cuttack (390 km); crosses into Andhra Pradesh,Inferred Location Match,Confirm,Cuttack (390 km),yes,own-state zone is 296 km away; HPL puts the town in the same price point as Cuttack (390 km); crosses into Andhra Pradesh,unresolved
JEYPORE,Odisha,HMEL,Visakhapatnam,Vishakapatnam,147,147 km straight-line; own-state zone is 296 km away; HPL puts the town in the same price point as Cuttack (390 km); crosses into Andhra Pradesh,Inferred Location Match,Confirm,Cuttack (390 km),yes,own-state zone is 296 km away; HPL puts the town in the same price point as Cuttack (390 km); crosses into Andhra Pradesh,unresolved
JEYPORE,Odisha,HPL,Bhubaneswar,Orissa_Bhubaneswar,376,"376 km, HPL's own territory list (Annexure V): Koraput district -> Orissa_Bhubaneswar",Territory Match,Approved for Phase 1,,,,unresolved
JEYPORE,Odisha,OPaL,Visakhapatnam,Vishakhapatnam,147,147 km straight-line; own-state zone is 296 km away; HPL puts the town in the same price point as Cuttack (390 km); crosses into Andhra Pradesh,Inferred Location Match,Confirm,Cuttack (390 km),yes,own-state zone is 296 km away; HPL puts the town in the same price point as Cuttack (390 km); crosses into Andhra Pradesh,unresolved
JUNAGADH,Gujarat,IOCL,Rajkot,Rajkot,92,"92 km straight-line, same state; HPL Annexure V puts both in one price point",Inferred Location Match,Approved for Phase 1 (HPL-corroborated),,,,unresolved
JUNAGADH,Gujarat,RIL,Rajkot,RAJKOT,92,"92 km straight-line, same state; HPL Annexure V puts both in one price point",Inferred Location Match,Approved for Phase 1 (HPL-corroborated),,,,unresolved
JUNAGADH,Gujarat,HMEL,Porbandar,Porbandar,89,"89 km straight-line, same state; HPL Annexure V puts both in one price point",Inferred Location Match,Approved for Phase 1 (HPL-corroborated),,,,unresolved
JUNAGADH,Gujarat,HPL,Rajkot,Gujarat_Rajkot,92,"92 km, HPL's own territory list (Annexure V): Jūnāgadh district -> Gujarat_Rajkot",Territory Match,Approved for Phase 1,,,,unresolved
JUNAGADH,Gujarat,OPaL,Rajkot,Rajkot,92,"92 km straight-line, same state; HPL Annexure V puts both in one price point",Inferred Location Match,Approved for Phase 1 (HPL-corroborated),,,,unresolved
KADI,Gujarat,IOCL,Mahesana,Mehsana,34,"34 km straight-line, same state; HPL Annexure V puts both in one price point",Inferred Location Match,Approved for Phase 1 (HPL-corroborated),,,,unresolved
KADI,Gujarat,RIL,Ahmedabad,AHMEDABAD,40,"40 km straight-line, same state",Inferred Location Match,Approved for Phase 1,,,,unresolved
KADI,Gujarat,HMEL,Mahesana,Mehsana,34,"34 km straight-line, same state; HPL Annexure V puts both in one price point",Inferred Location Match,Approved for Phase 1 (HPL-corroborated),,,,unresolved
KADI,Gujarat,HPL,Mahesana,Gujarat_Mehsana,34,"34 km, HPL's own territory list (Annexure V): Mehsana district -> Gujarat_Mehsana",Territory Match,Approved for Phase 1,,,,unresolved
KADI,Gujarat,OPaL,Kalol,Kalol (Mehsana),17,"17 km straight-line, same state",Inferred Location Match,Approved for Phase 1,,,,unresolved
KAIMUR,Bihar,IOCL,Bihar (state-wide zone),Bihar,,zone covers all of Bihar,Territory Match,Approved for Phase 1,,,,unresolved
KAIMUR,Bihar,RIL,Varanasi,VARANASI,67,67 km straight-line; own-state zone is 165 km away; crosses into Uttar Pradesh,Inferred Location Match,Approved for Phase 1,,yes,own-state zone is 165 km away; crosses into Uttar Pradesh,unresolved
KAIMUR,Bihar,HMEL,Chandauli,Chandauli,42,42 km straight-line; own-state zone is 165 km away; crosses into Uttar Pradesh,Inferred Location Match,Approved for Phase 1,,yes,own-state zone is 165 km away; crosses into Uttar Pradesh,unresolved
KAIMUR,Bihar,HPL,Bihar (state-wide zone),Bihar,,zone covers all of Bihar,Territory Match,Approved for Phase 1,,,,unresolved
KAIMUR,Bihar,OPaL,Varanasi,Varanasi,67,67 km straight-line; own-state zone is 165 km away; crosses into Uttar Pradesh,Inferred Location Match,Approved for Phase 1,,yes,own-state zone is 165 km away; crosses into Uttar Pradesh,unresolved
KAITHAL,Haryana,IOCL,Panipat,Panipat,72,"72 km straight-line, same state; HPL Annexure V puts both in one price point",Inferred Location Match,Approved for Phase 1 (HPL-corroborated),,,,inferred_via_hpl -> Panipat
KAITHAL,Haryana,RIL,Panipat,PANIPAT,72,"72 km straight-line, same state; HPL Annexure V puts both in one price point",Inferred Location Match,Approved for Phase 1 (HPL-corroborated),,,,inferred_via_hpl -> PANIPAT
KAITHAL,Haryana,HMEL,Panipat,Panipat,72,"72 km straight-line, same state; HPL Annexure V puts both in one price point",Inferred Location Match,Approved for Phase 1 (HPL-corroborated),,,,inferred_via_hpl -> Panipat
KAITHAL,Haryana,HPL,Panipat,Haryana_Panipat,72,"72 km, HPL's own territory list (Annexure V): listed district -> Haryana_Panipat",Territory Match,Approved for Phase 1,,,,published_map -> Haryana_Panipat
KAITHAL,Haryana,OPaL,Panipat,Panipat,72,"72 km straight-line, same state; HPL Annexure V puts both in one price point",Inferred Location Match,Approved for Phase 1 (HPL-corroborated),,,,inferred_via_hpl -> Panipat
KAKINADA,Andhra Pradesh,IOCL,Visakhapatnam,Visak,130,"130 km straight-line, same state; HPL Annexure V puts both in one price point",Inferred Location Match,Approved for Phase 1 (HPL-corroborated),,,,inferred_via_hpl -> Visak
KAKINADA,Andhra Pradesh,RIL,Visakhapatnam,VISHAKAPATNAM,130,"130 km straight-line, same state; HPL Annexure V puts both in one price point",Inferred Location Match,Approved for Phase 1 (HPL-corroborated),,,,unresolved
KAKINADA,Andhra Pradesh,HMEL,Visakhapatnam,Vishakapatnam,130,"130 km straight-line, same state; HPL Annexure V puts both in one price point",Inferred Location Match,Approved for Phase 1 (HPL-corroborated),,,,unresolved
KAKINADA,Andhra Pradesh,HPL,Visakhapatnam,Andhra Pradesh_Vizag,130,"130 km, HPL's own territory list (Annexure V): listed district -> Andhra Pradesh_Vizag",Territory Match,Approved for Phase 1,,,,published_map -> Andhra Pradesh_Vizag
KAKINADA,Andhra Pradesh,OPaL,Visakhapatnam,Vishakhapatnam,130,"130 km straight-line, same state; HPL Annexure V puts both in one price point",Inferred Location Match,Approved for Phase 1 (HPL-corroborated),,,,unresolved
KALA AMB,Himachal Pradesh,IOCL,Solan,Solan,47,"47 km straight-line, same state; HPL Annexure V puts both in one price point",Inferred Location Match,Approved for Phase 1 (HPL-corroborated),,,,unresolved
KALA AMB,Himachal Pradesh,RIL,Baddi,BADDI,65,"65 km straight-line, same state; HPL Annexure V puts both in one price point",Inferred Location Match,Approved for Phase 1 (HPL-corroborated),,,,unresolved
KALA AMB,Himachal Pradesh,HMEL,Baddi,Baddi,65,"65 km straight-line, same state; HPL Annexure V puts both in one price point",Inferred Location Match,Approved for Phase 1 (HPL-corroborated),,,,unresolved
KALA AMB,Himachal Pradesh,HPL,Baddi,Himachal Pradesh_Baddi,65,"65 km, HPL's own territory list (Annexure V): Sirmaur district -> Himachal Pradesh_Baddi",Territory Match,Approved for Phase 1,,,,unresolved
KALA AMB,Himachal Pradesh,OPaL,Kala Amb,Kalaamb,0,"same place, different label/spelling (0 km)",Inferred Location Match,Approved for Phase 1,,,,unresolved
KALOL,Gujarat,IOCL,Ahmedabad,Ahmedabad,26,"26 km straight-line, same state; runner-up Mahesana (41 km); HPL puts the town in the same price point as Vadodara (128 km); town identity uncertain",Inferred Location Match,Confirm,Mahesana (41 km),,runner-up Mahesana (41 km); HPL puts the town in the same price point as Vadodara (128 km); town identity uncertain,unresolved
KALOL,Gujarat,RIL,Ahmedabad,AHMEDABAD,26,"26 km straight-line, same state; HPL puts the town in the same price point as Vadodara (128 km); town identity uncertain",Inferred Location Match,Confirm,Vadodara (128 km),,HPL puts the town in the same price point as Vadodara (128 km); town identity uncertain,unresolved
KALOL,Gujarat,HMEL,Ahmedabad,Ahmedabad,26,"26 km straight-line, same state; runner-up Mahesana (41 km); HPL puts the town in the same price point as Vadodara (128 km); town identity uncertain",Inferred Location Match,Confirm,Mahesana (41 km),,runner-up Mahesana (41 km); HPL puts the town in the same price point as Vadodara (128 km); town identity uncertain,unresolved
KALOL,Gujarat,HPL,Vadodara,Gujarat_Vadodara,128,"128 km, HPL's own territory list (Annexure V): Panchmahal district -> Gujarat_Vadodara",Territory Match,Approved for Phase 1,,,,unresolved
KANHANGAD,Kerala,IOCL,Kerala (state-wide zone),Kerala,,zone covers all of Kerala,Territory Match,Approved for Phase 1,,,,unresolved
KANHANGAD,Kerala,RIL,Kozhikode,CALICUT,139,"139 km straight-line, same state; a zone across the border is 1.5x+ closer: Mangaluru, Karnataka (73 km) vs 139 km in-state",Inferred Location Match,Confirm,Mangaluru (73 km),,"a zone across the border is 1.5x+ closer: Mangaluru, Karnataka (73 km) vs 139 km in-state",unresolved
KANHANGAD,Kerala,HMEL,Kozhikode,Calicut,139,"139 km straight-line, same state; a zone across the border is 1.5x+ closer: Mangaluru, Karnataka (73 km) vs 139 km in-state",Inferred Location Match,Confirm,Mangaluru (73 km),,"a zone across the border is 1.5x+ closer: Mangaluru, Karnataka (73 km) vs 139 km in-state",unresolved
KANHANGAD,Kerala,HPL,Kerala (state-wide zone),Kerala,,zone covers all of Kerala,Territory Match,Approved for Phase 1,,,,unresolved
KANHANGAD,Kerala,OPaL,Kozhikode,Calicut,139,"139 km straight-line, same state; a zone across the border is 1.5x+ closer: Mangaluru, Karnataka (73 km) vs 139 km in-state",Inferred Location Match,Confirm,Mangaluru (73 km),,"a zone across the border is 1.5x+ closer: Mangaluru, Karnataka (73 km) vs 139 km in-state",unresolved
KANNUR,Kerala,IOCL,Kerala (state-wide zone),Kerala,,zone covers all of Kerala,Territory Match,Approved for Phase 1,,,,unresolved
KANNUR,Kerala,RIL,Kozhikode,CALICUT,83,"83 km straight-line, same state",Inferred Location Match,Approved for Phase 1,,,,unresolved
KANNUR,Kerala,HMEL,Kozhikode,Calicut,83,"83 km straight-line, same state",Inferred Location Match,Approved for Phase 1,,,,unresolved
KANNUR,Kerala,HPL,Kerala (state-wide zone),Kerala,,zone covers all of Kerala,Territory Match,Approved for Phase 1,,,,unresolved
KANNUR,Kerala,OPaL,Kozhikode,Calicut,83,"83 km straight-line, same state",Inferred Location Match,Approved for Phase 1,,,,unresolved
KARAIKAL,Puducherry,IOCL,Puducherry,Pondicherry,113,"113 km straight-line, same state; HPL Annexure V puts both in one price point",Inferred Location Match,Approved for Phase 1 (HPL-corroborated),,,,unresolved
KARAIKAL,Puducherry,RIL,Puducherry,PONDICHERY,113,"113 km straight-line, same state; HPL Annexure V puts both in one price point",Inferred Location Match,Approved for Phase 1 (HPL-corroborated),,,,unresolved
KARAIKAL,Puducherry,HMEL,Puducherry,Pondicherry,113,"113 km straight-line, same state; HPL Annexure V puts both in one price point",Inferred Location Match,Approved for Phase 1 (HPL-corroborated),,,,unresolved
KARAIKAL,Puducherry,HPL,Puducherry,Pondicherry,113,"113 km, HPL's own territory list (Annexure V): Pondicherry district -> Pondicherry",Territory Match,Approved for Phase 1,,,,unresolved
KARAIKAL,Puducherry,OPaL,Puducherry,Pondichery,113,"113 km straight-line, same state; HPL Annexure V puts both in one price point",Inferred Location Match,Approved for Phase 1 (HPL-corroborated),,,,unresolved
KARNAL,Haryana,IOCL,Panipat,Panipat,34,"34 km straight-line, same state; HPL Annexure V puts both in one price point",Inferred Location Match,Approved for Phase 1 (HPL-corroborated),,,,inferred_via_hpl -> Panipat
KARNAL,Haryana,RIL,Panipat,PANIPAT,34,"34 km straight-line, same state; HPL Annexure V puts both in one price point",Inferred Location Match,Approved for Phase 1 (HPL-corroborated),,,,inferred_via_hpl -> PANIPAT
KARNAL,Haryana,HMEL,Panipat,Panipat,34,"34 km straight-line, same state; HPL Annexure V puts both in one price point",Inferred Location Match,Approved for Phase 1 (HPL-corroborated),,,,inferred_via_hpl -> Panipat
KARNAL,Haryana,HPL,Panipat,Haryana_Panipat,34,"34 km, HPL's own territory list (Annexure V): listed district -> Haryana_Panipat",Territory Match,Approved for Phase 1,,,,published_map -> Haryana_Panipat
KARNAL,Haryana,OPaL,Panipat,Panipat,34,"34 km straight-line, same state; HPL Annexure V puts both in one price point",Inferred Location Match,Approved for Phase 1 (HPL-corroborated),,,,inferred_via_hpl -> Panipat
KARUR,Tamil Nadu,IOCL,Salem,Salem,78,"78 km straight-line, same state; HPL puts the town in the same price point as Madurai (116 km)",Inferred Location Match,Confirm,Madurai (116 km),,HPL puts the town in the same price point as Madurai (116 km),inferred_via_hpl -> Madurai
KARUR,Tamil Nadu,HPL,Madurai,Tamil Nadu_Madurai,116,"116 km, HPL's own territory list (Annexure V): listed district -> Tamil Nadu_Madurai",Territory Match,Approved for Phase 1,,,,published_map -> Tamil Nadu_Madurai
KASHIPUR,Uttarakhand,IOCL,Rudrapur,Udham Singh Nagar,50,"50 km straight-line, same state; HPL Annexure V puts both in one price point",Inferred Location Match,Approved for Phase 1 (HPL-corroborated),,,,unresolved
KASHIPUR,Uttarakhand,RIL,Rudrapur,RUDRAPUR,50,"50 km straight-line, same state; HPL Annexure V puts both in one price point",Inferred Location Match,Approved for Phase 1 (HPL-corroborated),,,,unresolved
KASHIPUR,Uttarakhand,HMEL,Rudrapur,Rudrapur,50,"50 km straight-line, same state; HPL Annexure V puts both in one price point",Inferred Location Match,Approved for Phase 1 (HPL-corroborated),,,,unresolved
KASHIPUR,Uttarakhand,HPL,Sitarganj,Uttarakhand_Sitarganj,79,"79 km, HPL's own territory list (Annexure V): Nainital district -> Uttarakhand_Sitarganj",Territory Match,Approved for Phase 1,,,,unresolved
KASHIPUR,Uttarakhand,OPaL,Rudrapur,Rudrapur,50,"50 km straight-line, same state; HPL Annexure V puts both in one price point",Inferred Location Match,Approved for Phase 1 (HPL-corroborated),,,,unresolved
KASORGOD,Kerala,IOCL,Kerala (state-wide zone),Kerala,,zone covers all of Kerala,Territory Match,Approved for Phase 1,,,,unresolved
KASORGOD,Kerala,RIL,Mangaluru,MANGALORE,49,49 km straight-line; own-state zone is 164 km away; crosses into Karnataka,Inferred Location Match,Approved for Phase 1,,yes,own-state zone is 164 km away; crosses into Karnataka,unresolved
KASORGOD,Kerala,HMEL,Mangaluru,Mangalore,49,49 km straight-line; own-state zone is 164 km away; crosses into Karnataka,Inferred Location Match,Approved for Phase 1,,yes,own-state zone is 164 km away; crosses into Karnataka,unresolved
KASORGOD,Kerala,HPL,Kerala (state-wide zone),Kerala,,zone covers all of Kerala,Territory Match,Approved for Phase 1,,,,unresolved
KASORGOD,Kerala,OPaL,Mangaluru,Mangalore,49,49 km straight-line; own-state zone is 164 km away; crosses into Karnataka,Inferred Location Match,Approved for Phase 1,,yes,own-state zone is 164 km away; crosses into Karnataka,unresolved
KATHUA,Jammu and Kashmir,RIL,Jammu,JAMMU,74,"74 km straight-line, same state",Inferred Location Match,Approved for Phase 1,,,,unresolved
KATHUA,Jammu and Kashmir,HMEL,Jammu,Jammu,74,"74 km straight-line, same state",Inferred Location Match,Approved for Phase 1,,,,unresolved
KATHUA,Jammu and Kashmir,OPaL,Jammu,Jammu,74,"74 km straight-line, same state",Inferred Location Match,Approved for Phase 1,,,,unresolved
KATIHAR,Bihar,IOCL,Bihar (state-wide zone),Bihar,,zone covers all of Bihar,Territory Match,Approved for Phase 1,,,,unresolved
KATIHAR,Bihar,RIL,Jalpaiguri,JALPAIGURI,159,159 km straight-line; own-state zone is 244 km away; crosses into West Bengal,Inferred Location Match,Confirm,,yes,own-state zone is 244 km away; crosses into West Bengal,unresolved
KATIHAR,Bihar,HMEL,Siliguri,Siliguri,156,156 km straight-line; own-state zone is 244 km away; crosses into West Bengal,Inferred Location Match,Confirm,,yes,own-state zone is 244 km away; crosses into West Bengal,unresolved
KATIHAR,Bihar,HPL,Bihar (state-wide zone),Bihar,,zone covers all of Bihar,Territory Match,Approved for Phase 1,,,,unresolved
KATIHAR,Bihar,OPaL,Jalpaiguri,Jalpaiguri,159,159 km straight-line; own-state zone is 244 km away; crosses into West Bengal,Inferred Location Match,Confirm,,yes,own-state zone is 244 km away; crosses into West Bengal,unresolved
KATNI,Madhya Pradesh,IOCL,Jabalpur,Jabalpur,87,"87 km straight-line, same state; HPL puts the town in the same price point as Rewa (119 km)",Inferred Location Match,Confirm,Rewa (119 km),,HPL puts the town in the same price point as Rewa (119 km),inferred_via_hpl -> Rewa
KATNI,Madhya Pradesh,RIL,Jabalpur,JABALPUR,87,"87 km straight-line, same state; HPL puts the town in the same price point as Rewa (119 km)",Inferred Location Match,Confirm,Rewa (119 km),,HPL puts the town in the same price point as Rewa (119 km),inferred_via_hpl -> REWA
KATNI,Madhya Pradesh,HMEL,Jabalpur,Jabalpur,87,"87 km straight-line, same state; HPL puts the town in the same price point as Rewa (119 km)",Inferred Location Match,Confirm,Rewa (119 km),,HPL puts the town in the same price point as Rewa (119 km),inferred_via_hpl -> Rewa
KATNI,Madhya Pradesh,HPL,Rewa,Madhya Pradesh_Rewa,119,"119 km, HPL's own territory list (Annexure V): listed district -> Madhya Pradesh_Rewa",Territory Match,Approved for Phase 1,,,,published_map -> Madhya Pradesh_Rewa
KATNI,Madhya Pradesh,OPaL,Jabalpur,Jabalpur,87,"87 km straight-line, same state; HPL puts the town in the same price point as Tikamgarh (188 km)",Inferred Location Match,Confirm,Tikamgarh (188 km),,HPL puts the town in the same price point as Tikamgarh (188 km),unresolved
KHAMGAON,Maharashtra,IOCL,Jalgaon,Jalgaon,109,"109 km straight-line, same state; HPL Annexure V puts both in one price point",Inferred Location Match,Approved for Phase 1 (HPL-corroborated),,,,unresolved
KHAMGAON,Maharashtra,RIL,Jalgaon,JALGAON,109,"109 km straight-line, same state; HPL Annexure V puts both in one price point",Inferred Location Match,Approved for Phase 1 (HPL-corroborated),,,,unresolved
KHAMGAON,Maharashtra,HMEL,Jalgaon,Jalgaon,109,"109 km straight-line, same state; HPL Annexure V puts both in one price point",Inferred Location Match,Approved for Phase 1 (HPL-corroborated),,,,unresolved
KHAMGAON,Maharashtra,HPL,Jalgaon,Maharashtra_Jalgaon,109,"109 km, HPL's own territory list (Annexure V): Buldhana district -> Maharashtra_Jalgaon",Territory Match,Approved for Phase 1,,,,unresolved
KHAMGAON,Maharashtra,OPaL,Jalgaon,Jalgaon,109,"109 km straight-line, same state; HPL Annexure V puts both in one price point",Inferred Location Match,Approved for Phase 1 (HPL-corroborated),,,,unresolved
KHAMMAM,Telangana,IOCL,Suriapet,Suryapet,57,"57 km straight-line, same state; HPL Annexure V puts both in one price point",Inferred Location Match,Approved for Phase 1 (HPL-corroborated),,,,inferred_via_hpl -> Suryapet
KHAMMAM,Telangana,RIL,Suriapet,SURYAPET,57,"57 km straight-line, same state; HPL Annexure V puts both in one price point",Inferred Location Match,Approved for Phase 1 (HPL-corroborated),,,,inferred_via_hpl -> SURYAPET
KHAMMAM,Telangana,HMEL,Kodar,Kodad,34,"34 km straight-line, same state; HPL Annexure V puts both in one price point",Inferred Location Match,Approved for Phase 1 (HPL-corroborated),,,,unresolved
KHAMMAM,Telangana,HPL,Suriapet,Telangana_Suryapet,57,"57 km, HPL's own territory list (Annexure V): listed district -> Telangana_Suryapet",Territory Match,Approved for Phase 1,,,,published_map -> Telangana_Suryapet
KHAMMAM,Telangana,OPaL,Suriapet,Suryapet,57,"57 km straight-line, same state; HPL Annexure V puts both in one price point",Inferred Location Match,Approved for Phase 1 (HPL-corroborated),,,,inferred_via_hpl -> Suryapet
KHANDWA,Madhya Pradesh,IOCL,Indore,Indore,113,"113 km straight-line, same state; HPL Annexure V puts both in one price point",Inferred Location Match,Approved for Phase 1 (HPL-corroborated),,,,unresolved
KHANDWA,Madhya Pradesh,RIL,Indore,INDORE,113,"113 km straight-line, same state; HPL Annexure V puts both in one price point",Inferred Location Match,Approved for Phase 1 (HPL-corroborated),,,,unresolved
KHANDWA,Madhya Pradesh,HMEL,Nimrani,Nimrani,98,"98 km straight-line, same state; HPL Annexure V puts both in one price point",Inferred Location Match,Approved for Phase 1 (HPL-corroborated),,,,unresolved
KHANDWA,Madhya Pradesh,HPL,Indore,Madhya Pradesh_Indore,113,"113 km, HPL's own territory list (Annexure V): listed district -> Madhya Pradesh_Indore",Territory Match,Approved for Phase 1,,,,unresolved
KHANDWA,Madhya Pradesh,OPaL,Indore,Indore,113,"113 km straight-line, same state; HPL Annexure V puts both in one price point",Inferred Location Match,Approved for Phase 1 (HPL-corroborated),,,,unresolved
KHARGONE,Madhya Pradesh,IOCL,Indore,Indore,102,"102 km straight-line, same state; HPL Annexure V puts both in one price point",Inferred Location Match,Approved for Phase 1 (HPL-corroborated),,,,unresolved
KHARGONE,Madhya Pradesh,RIL,Indore,INDORE,102,"102 km straight-line, same state; HPL Annexure V puts both in one price point",Inferred Location Match,Approved for Phase 1 (HPL-corroborated),,,,unresolved
KHARGONE,Madhya Pradesh,HMEL,Nimrani,Nimrani,36,"36 km straight-line, same state; HPL Annexure V puts both in one price point",Inferred Location Match,Approved for Phase 1 (HPL-corroborated),,,,unresolved
KHARGONE,Madhya Pradesh,HPL,Indore,Madhya Pradesh_Indore,102,"102 km, HPL's own territory list (Annexure V): listed district -> Madhya Pradesh_Indore",Territory Match,Approved for Phase 1,,,,unresolved
KHARGONE,Madhya Pradesh,OPaL,Indore,Indore,102,"102 km straight-line, same state; HPL Annexure V puts both in one price point",Inferred Location Match,Approved for Phase 1 (HPL-corroborated),,,,unresolved
KHEDA,Gujarat,IOCL,Ahmedabad,Ahmedabad,32,"32 km straight-line, same state; HPL Annexure V puts both in one price point",Inferred Location Match,Approved for Phase 1 (HPL-corroborated),,,,inferred_via_hpl -> Ahmedabad
KHEDA,Gujarat,RIL,Ahmedabad,AHMEDABAD,32,"32 km straight-line, same state; HPL Annexure V puts both in one price point",Inferred Location Match,Approved for Phase 1 (HPL-corroborated),,,,inferred_via_hpl -> AHMEDABAD
KHEDA,Gujarat,HMEL,Ahmedabad,Ahmedabad,32,"32 km straight-line, same state; HPL Annexure V puts both in one price point",Inferred Location Match,Approved for Phase 1 (HPL-corroborated),,,,inferred_via_hpl -> Ahmedabad
KHEDA,Gujarat,HPL,Ahmedabad,Gujarat_Ahmedabad,32,"32 km, HPL's own territory list (Annexure V): listed district -> Gujarat_Ahmedabad",Territory Match,Approved for Phase 1,,,,published_map -> Gujarat_Ahmedabad
KHEDA,Gujarat,OPaL,Ahmedabad,Ahmedabad,32,"32 km straight-line, same state; HPL Annexure V puts both in one price point",Inferred Location Match,Approved for Phase 1 (HPL-corroborated),,,,inferred_via_hpl -> Ahmedabad
KHOPOLI,Maharashtra,IOCL,Mumbai,Mumbai,58,"58 km straight-line, same state; HPL Annexure V puts both in one price point",Inferred Location Match,Approved for Phase 1 (HPL-corroborated),,,,unresolved
KHOPOLI,Maharashtra,RIL,Mumbai,MUMBAI,58,"58 km straight-line, same state; HPL Annexure V puts both in one price point",Inferred Location Match,Approved for Phase 1 (HPL-corroborated),,,,unresolved
KHOPOLI,Maharashtra,HMEL,Khalapur,Khalapur,8,"adjacent zone, 8 km apart",Inferred Location Match,Approved for Phase 1,,,,unresolved
KHOPOLI,Maharashtra,HPL,Mumbai,Maharashtra_Mumbai,58,"58 km, HPL's own territory list (Annexure V): Raigarh district -> Maharashtra_Mumbai",Territory Match,Approved for Phase 1,,,,unresolved
KHOPOLI,Maharashtra,OPaL,Navi Mumbai,Navi Mumbai,45,"45 km straight-line, same state; HPL Annexure V puts both in one price point",Inferred Location Match,Approved for Phase 1 (HPL-corroborated),,,,unresolved
KOLAR,Karnataka,IOCL,Bengaluru,Bangalore,61,"61 km straight-line, same state; HPL Annexure V puts both in one price point",Inferred Location Match,Approved for Phase 1 (HPL-corroborated),,,,inferred_via_hpl -> Bangalore
KOLAR,Karnataka,RIL,Bengaluru,BENGALURU,61,"61 km straight-line, same state; HPL Annexure V puts both in one price point",Inferred Location Match,Approved for Phase 1 (HPL-corroborated),,,,inferred_via_hpl -> BENGALURU
KOLAR,Karnataka,HMEL,Bengaluru,Bengaluru,61,"61 km straight-line, same state; HPL Annexure V puts both in one price point",Inferred Location Match,Approved for Phase 1 (HPL-corroborated),,,,inferred_via_hpl -> Bengaluru
KOLAR,Karnataka,HPL,Bengaluru,Karnataka_Bangalore,61,"61 km, HPL's own territory list (Annexure V): listed district -> Karnataka_Bangalore",Territory Match,Approved for Phase 1,,,,published_map -> Karnataka_Bangalore
KOLAR,Karnataka,OPaL,Bengaluru,Bengaluru,61,"61 km straight-line, same state; HPL Annexure V puts both in one price point",Inferred Location Match,Approved for Phase 1 (HPL-corroborated),,,,inferred_via_hpl -> Bengaluru
KOLKATA,West Bengal,HPL,Howrah,West Bengal_Howrah,5,"5 km, HPL's own territory list (Annexure V): listed district -> West Bengal_Howrah",Territory Match,Approved for Phase 1,,,,published_map -> West Bengal_Howrah
KOLLAM,Kerala,IOCL,Kerala (state-wide zone),Kerala,,zone covers all of Kerala,Territory Match,Approved for Phase 1,,,,unresolved
KOLLAM,Kerala,RIL,Thiruvananthapuram,TRIVANDRUM,60,"60 km straight-line, same state",Inferred Location Match,Approved for Phase 1,,,,unresolved
KOLLAM,Kerala,HMEL,Thiruvananthapuram,Thiruvananthapuram,60,"60 km straight-line, same state",Inferred Location Match,Approved for Phase 1,,,,unresolved
KOLLAM,Kerala,HPL,Kerala (state-wide zone),Kerala,,zone covers all of Kerala,Territory Match,Approved for Phase 1,,,,unresolved
KOLLAM,Kerala,OPaL,Thiruvananthapuram,Trivandrum,60,"60 km straight-line, same state",Inferred Location Match,Approved for Phase 1,,,,unresolved
KOTA,Rajasthan,IOCL,Jaipur,Jaipur,193,"193 km straight-line, same state; HPL puts the town in the same price point as Udaipur (224 km)",Inferred Location Match,Confirm,Udaipur (224 km),,HPL puts the town in the same price point as Udaipur (224 km),unresolved
KOTA,Rajasthan,HMEL,Ajmer,Ajmer,185,"185 km straight-line, same state; runner-up Jaipur (193 km); HPL puts the town in the same price point as Udaipur (224 km)",Inferred Location Match,Confirm,Jaipur (193 km),,runner-up Jaipur (193 km); HPL puts the town in the same price point as Udaipur (224 km),unresolved
KOTTAYAM,Kerala,IOCL,Kerala (state-wide zone),Kerala,,zone covers all of Kerala,Territory Match,Approved for Phase 1,,,,unresolved
KOTTAYAM,Kerala,RIL,Kochi,COCHIN,49,"49 km straight-line, same state",Inferred Location Match,Approved for Phase 1,,,,unresolved
KOTTAYAM,Kerala,HMEL,Kochi,Cochin,49,"49 km straight-line, same state",Inferred Location Match,Approved for Phase 1,,,,unresolved
KOTTAYAM,Kerala,HPL,Kerala (state-wide zone),Kerala,,zone covers all of Kerala,Territory Match,Approved for Phase 1,,,,unresolved
KOTTAYAM,Kerala,OPaL,Kochi,Cochin,49,"49 km straight-line, same state",Inferred Location Match,Approved for Phase 1,,,,unresolved
KUDAL,Maharashtra,IOCL,Kolhapur,Kolhapur,96,"96 km straight-line, same state; HPL Annexure V puts both in one price point",Inferred Location Match,Approved for Phase 1 (HPL-corroborated),,,,unresolved
KUDAL,Maharashtra,RIL,Kolhapur,KOLHAPUR,96,"96 km straight-line, same state; HPL Annexure V puts both in one price point",Inferred Location Match,Approved for Phase 1 (HPL-corroborated),,,,unresolved
KUDAL,Maharashtra,HMEL,Kolhapur,Kolhapur,96,"96 km straight-line, same state; HPL Annexure V puts both in one price point",Inferred Location Match,Approved for Phase 1 (HPL-corroborated),,,,unresolved
KUDAL,Maharashtra,HPL,Kolhapur,Maharashtra_Kolhapur,96,"96 km, HPL's own territory list (Annexure V): Sindhudurg district -> Maharashtra_Kolhapur",Territory Match,Approved for Phase 1,,,,unresolved
KUDAL,Maharashtra,OPaL,Kolhapur,Kolhapur,96,"96 km straight-line, same state; HPL Annexure V puts both in one price point",Inferred Location Match,Approved for Phase 1 (HPL-corroborated),,,,unresolved
KUNDLI,Haryana,IOCL,Gurugram,Gurgaon,46,"46 km straight-line, same state; runner-up Faridabad (54 km); HPL puts the town in the same price point as Panipat (60 km)",Inferred Location Match,Confirm,Faridabad (54 km),,runner-up Faridabad (54 km); HPL puts the town in the same price point as Panipat (60 km),unresolved
KUNDLI,Haryana,RIL,Panipat,PANIPAT,60,"60 km straight-line, same state; HPL Annexure V puts both in one price point",Inferred Location Match,Approved for Phase 1 (HPL-corroborated),,,,unresolved
KUNDLI,Haryana,HMEL,Gurugram,Gurgaon,46,"46 km straight-line, same state; runner-up Faridabad (54 km); HPL puts the town in the same price point as Panipat (60 km)",Inferred Location Match,Confirm,Faridabad (54 km),,runner-up Faridabad (54 km); HPL puts the town in the same price point as Panipat (60 km),unresolved
KUNDLI,Haryana,HPL,Panipat,Haryana_Panipat,60,"60 km, HPL's own territory list (Annexure V): Sonipat district -> Haryana_Panipat",Territory Match,Approved for Phase 1,,,,unresolved
KUNDLI,Haryana,OPaL,Gurugram,Gurgaon,46,"46 km straight-line, same state; runner-up Faridabad (54 km); HPL puts the town in the same price point as Panipat (60 km)",Inferred Location Match,Confirm,Faridabad (54 km),,runner-up Faridabad (54 km); HPL puts the town in the same price point as Panipat (60 km),unresolved
KURNOOL,Andhra Pradesh,IOCL,Guntur,Guntur,264,"264 km straight-line, same state; HPL Annexure V puts both in one price point",Inferred Location Match,Approved for Phase 1 (HPL-corroborated),,,,inferred_via_hpl -> Guntur
KURNOOL,Andhra Pradesh,RIL,Nandyal,NANDYAL,62,"62 km straight-line, same state; HPL Annexure V puts both in one price point",Inferred Location Match,Approved for Phase 1 (HPL-corroborated),,,,unresolved
KURNOOL,Andhra Pradesh,HMEL,Kadapa,Cuddapah,172,"172 km straight-line, same state; HPL puts the town in the same price point as Vijayawada (289 km)",Inferred Location Match,Confirm,Vijayawada (289 km),,HPL puts the town in the same price point as Vijayawada (289 km),unresolved
KURNOOL,Andhra Pradesh,HPL,Guntur,Andhra Pradesh_Guntur,264,"264 km, HPL's own territory list (Annexure V): listed district -> Andhra Pradesh_Guntur",Territory Match,Approved for Phase 1,,,,published_map -> Andhra Pradesh_Guntur
KURNOOL,Andhra Pradesh,OPaL,Nandyal,Nandyal,62,"62 km straight-line, same state; HPL Annexure V puts both in one price point",Inferred Location Match,Approved for Phase 1 (HPL-corroborated),,,,unresolved
KURUKSHETRA,Haryana,IOCL,Panipat,Panipat,66,"66 km straight-line, same state; HPL Annexure V puts both in one price point",Inferred Location Match,Approved for Phase 1 (HPL-corroborated),,,,inferred_via_hpl -> Panipat
KURUKSHETRA,Haryana,RIL,Panipat,PANIPAT,66,"66 km straight-line, same state; HPL Annexure V puts both in one price point",Inferred Location Match,Approved for Phase 1 (HPL-corroborated),,,,inferred_via_hpl -> PANIPAT
KURUKSHETRA,Haryana,HMEL,Panipat,Panipat,66,"66 km straight-line, same state; HPL Annexure V puts both in one price point",Inferred Location Match,Approved for Phase 1 (HPL-corroborated),,,,inferred_via_hpl -> Panipat
KURUKSHETRA,Haryana,HPL,Panipat,Haryana_Panipat,66,"66 km, HPL's own territory list (Annexure V): listed district -> Haryana_Panipat",Territory Match,Approved for Phase 1,,,,published_map -> Haryana_Panipat
KURUKSHETRA,Haryana,OPaL,Panipat,Panipat,66,"66 km straight-line, same state; HPL Annexure V puts both in one price point",Inferred Location Match,Approved for Phase 1 (HPL-corroborated),,,,inferred_via_hpl -> Panipat
LASALGAON/CHALISGAON,Maharashtra,IOCL,Nashik,Nashik,50,"50 km straight-line, same state",Inferred Location Match,Approved for Phase 1,,,,unresolved
LASALGAON/CHALISGAON,Maharashtra,RIL,Nashik,NASHIK,50,"50 km straight-line, same state",Inferred Location Match,Approved for Phase 1,,,,unresolved
LASALGAON/CHALISGAON,Maharashtra,HMEL,Nashik,Nashik,50,"50 km straight-line, same state",Inferred Location Match,Approved for Phase 1,,,,unresolved
LASALGAON/CHALISGAON,Maharashtra,HPL,Nashik,Maharashtra_Nashik,50,"50 km straight-line, same state",Inferred Location Match,Approved for Phase 1,,,,unresolved
LASALGAON/CHALISGAON,Maharashtra,OPaL,Nashik,Nashik,50,"50 km straight-line, same state",Inferred Location Match,Approved for Phase 1,,,,unresolved
LATUR,Maharashtra,IOCL,Aurangabad,Aurangabad,209,"209 km straight-line, same state; HPL puts the town in the same price point as Kolhapur (312 km)",Inferred Location Match,Confirm,Kolhapur (312 km),,HPL puts the town in the same price point as Kolhapur (312 km),inferred_via_hpl -> Kolhapur
LATUR,Maharashtra,RIL,Sholapur,SOLAPUR,107,"107 km straight-line, same state; HPL Annexure V puts both in one price point",Inferred Location Match,Approved for Phase 1 (HPL-corroborated),,,,inferred_via_hpl -> KOLHAPUR
LATUR,Maharashtra,HMEL,Aurangabad,Aurangabad,209,"209 km straight-line, same state; HPL puts the town in the same price point as Kolhapur (312 km)",Inferred Location Match,Confirm,Kolhapur (312 km),,HPL puts the town in the same price point as Kolhapur (312 km),inferred_via_hpl -> Kolhapur
LATUR,Maharashtra,HPL,Kolhapur,Maharashtra_Kolhapur,312,"312 km, HPL's own territory list (Annexure V): listed district -> Maharashtra_Kolhapur",Territory Match,Approved for Phase 1,,,,published_map -> Maharashtra_Kolhapur
LATUR,Maharashtra,OPaL,Sholapur,Solapur,107,"107 km straight-line, same state; HPL Annexure V puts both in one price point",Inferred Location Match,Approved for Phase 1 (HPL-corroborated),,,,inferred_via_hpl -> Kolhapur
LONAWALA,Maharashtra,IOCL,Pune,Pune,54,"54 km straight-line, same state; runner-up Mumbai (66 km)",Inferred Location Match,Confirm,Mumbai (66 km),,runner-up Mumbai (66 km),unresolved
LONAWALA,Maharashtra,RIL,Pune,PUNE,54,"54 km straight-line, same state; runner-up Mumbai (66 km)",Inferred Location Match,Confirm,Mumbai (66 km),,runner-up Mumbai (66 km),unresolved
LONAWALA,Maharashtra,HMEL,Khalapur,Khalapur,15,"15 km straight-line, same state",Inferred Location Match,Approved for Phase 1,,,,unresolved
LONAWALA,Maharashtra,HPL,Pune,Maharashtra_Pune,54,"54 km straight-line, same state; runner-up Mumbai (66 km)",Inferred Location Match,Confirm,Mumbai (66 km),,runner-up Mumbai (66 km),unresolved
LONAWALA,Maharashtra,OPaL,Navi Mumbai,Navi Mumbai,52,"52 km straight-line, same state; runner-up Pune (54 km)",Inferred Location Match,Confirm,Pune (54 km),,runner-up Pune (54 km),unresolved
LOTE,Maharashtra,IOCL,,,,town not found in gazetteer; no distance can be computed,,Cannot determine,,,town could not be geolocated,unresolved
LOTE,Maharashtra,RIL,,,,town not found in gazetteer; no distance can be computed,,Cannot determine,,,town could not be geolocated,unresolved
LOTE,Maharashtra,HMEL,,,,town not found in gazetteer; no distance can be computed,,Cannot determine,,,town could not be geolocated,unresolved
LOTE,Maharashtra,HPL,,,,town not found in gazetteer; no distance can be computed,,Cannot determine,,,town could not be geolocated,unresolved
LOTE,Maharashtra,OPaL,,,,town not found in gazetteer; no distance can be computed,,Cannot determine,,,town could not be geolocated,unresolved
LUCKNOW,Uttar Pradesh,IOCL,Kanpur,Kanpur,71,"71 km straight-line, same state; HPL Annexure V puts both in one price point",Inferred Location Match,Approved for Phase 1 (HPL-corroborated),,,,inferred_via_hpl -> Kanpur
LUCKNOW,Uttar Pradesh,RIL,Kanpur,KANPUR,71,"71 km straight-line, same state; HPL Annexure V puts both in one price point",Inferred Location Match,Approved for Phase 1 (HPL-corroborated),,,,inferred_via_hpl -> KANPUR
LUCKNOW,Uttar Pradesh,HMEL,Kanpur,Kanpur,71,"71 km straight-line, same state; HPL Annexure V puts both in one price point",Inferred Location Match,Approved for Phase 1 (HPL-corroborated),,,,inferred_via_hpl -> Kanpur
LUCKNOW,Uttar Pradesh,HPL,Kanpur,Uttar Pradesh_Kanpur,71,"71 km, HPL's own territory list (Annexure V): listed district -> Uttar Pradesh_Kanpur",Territory Match,Approved for Phase 1,,,,published_map -> Uttar Pradesh_Kanpur
LUCKNOW,Uttar Pradesh,OPaL,Kanpur,Kanpur,71,"71 km straight-line, same state; HPL Annexure V puts both in one price point",Inferred Location Match,Approved for Phase 1 (HPL-corroborated),,,,inferred_via_hpl -> Kanpur
LUDHIANA,Punjab,HMEL,Punjab (state-wide zone),Punjab,,zone covers all of Punjab,Territory Match,Approved for Phase 1,,,,unresolved
MAHBOOBNAGAR,Telangana,IOCL,Rangareddi,Rangareddy,63,"63 km straight-line, same state; HPL Annexure V puts both in one price point; approx. zone location",Inferred Location Match,Approved for Phase 1 (HPL-corroborated),,,approx. zone location,unresolved
MAHBOOBNAGAR,Telangana,RIL,Hyderabad,HYDERABAD,87,"87 km straight-line, same state; HPL Annexure V puts both in one price point",Inferred Location Match,Approved for Phase 1 (HPL-corroborated),,,,unresolved
MAHBOOBNAGAR,Telangana,HMEL,Hyderabad,Hyderabad,87,"87 km straight-line, same state; HPL Annexure V puts both in one price point",Inferred Location Match,Approved for Phase 1 (HPL-corroborated),,,,unresolved
MAHBOOBNAGAR,Telangana,HPL,Hyderabad,Telangana_Hyderabad,87,"87 km, HPL's own territory list (Annexure V): Mahbūbnagar district -> Telangana_Hyderabad",Territory Match,Approved for Phase 1,,,,unresolved
MAHBOOBNAGAR,Telangana,OPaL,Hyderabad,Hyderabad,87,"87 km straight-line, same state; HPL Annexure V puts both in one price point",Inferred Location Match,Approved for Phase 1 (HPL-corroborated),,,,unresolved
MAHUVA,Gujarat,IOCL,Surat,Surat,111,"111 km straight-line, same state",Inferred Location Match,Approved for Phase 1,,,,unresolved
MAHUVA,Gujarat,RIL,Bhavnagar,BHAVNAGAR,85,"85 km straight-line, same state; HPL Annexure V puts both in one price point",Inferred Location Match,Approved for Phase 1 (HPL-corroborated),,,,unresolved
MAHUVA,Gujarat,HMEL,Bhavnagar,Bhavnagar,85,"85 km straight-line, same state; HPL Annexure V puts both in one price point",Inferred Location Match,Approved for Phase 1 (HPL-corroborated),,,,unresolved
MAHUVA,Gujarat,HPL,Bhavnagar,Gujarat_Bhavnagar,85,"85 km, HPL's own territory list (Annexure V): Bhavnagar district -> Gujarat_Bhavnagar",Territory Match,Approved for Phase 1,,,,unresolved
MAHUVA,Gujarat,OPaL,Bhavnagar,Bhavnagar,85,"85 km straight-line, same state; HPL Annexure V puts both in one price point",Inferred Location Match,Approved for Phase 1 (HPL-corroborated),,,,unresolved
MANDSAUR,Madhya Pradesh,IOCL,Indore,Indore,170,"170 km straight-line, same state; HPL Annexure V puts both in one price point",Inferred Location Match,Approved for Phase 1 (HPL-corroborated),,,,inferred_via_hpl -> Indore
MANDSAUR,Madhya Pradesh,RIL,Indore,INDORE,170,"170 km straight-line, same state; HPL Annexure V puts both in one price point",Inferred Location Match,Approved for Phase 1 (HPL-corroborated),,,,inferred_via_hpl -> INDORE
MANDSAUR,Madhya Pradesh,HMEL,Indore,Indore,170,"170 km straight-line, same state; HPL Annexure V puts both in one price point",Inferred Location Match,Approved for Phase 1 (HPL-corroborated),,,,inferred_via_hpl -> Indore
MANDSAUR,Madhya Pradesh,HPL,Indore,Madhya Pradesh_Indore,170,"170 km, HPL's own territory list (Annexure V): listed district -> Madhya Pradesh_Indore",Territory Match,Approved for Phase 1,,,,published_map -> Madhya Pradesh_Indore
MANDSAUR,Madhya Pradesh,OPaL,Indore,Indore,170,"170 km straight-line, same state; HPL Annexure V puts both in one price point",Inferred Location Match,Approved for Phase 1 (HPL-corroborated),,,,inferred_via_hpl -> Indore
MATHURA,Uttar Pradesh,RIL,Agra,AGRA,49,"49 km straight-line, same state; HPL Annexure V puts both in one price point",Inferred Location Match,Approved for Phase 1 (HPL-corroborated),,,,unresolved
MATHURA,Uttar Pradesh,HMEL,Agra,Agra,49,"49 km straight-line, same state; HPL Annexure V puts both in one price point",Inferred Location Match,Approved for Phase 1 (HPL-corroborated),,,,unresolved
MATHURA,Uttar Pradesh,OPaL,Agra,Agra,49,"49 km straight-line, same state; HPL Annexure V puts both in one price point",Inferred Location Match,Approved for Phase 1 (HPL-corroborated),,,,unresolved
MEDAK,Telangana,IOCL,Rangareddi,Rangareddy,86,"86 km straight-line, same state; HPL Annexure V puts both in one price point; approx. zone location",Inferred Location Match,Approved for Phase 1 (HPL-corroborated),,,approx. zone location,unresolved
MEDAK,Telangana,RIL,Hyderabad,HYDERABAD,76,"76 km straight-line, same state; HPL Annexure V puts both in one price point",Inferred Location Match,Approved for Phase 1 (HPL-corroborated),,,,inferred_via_hpl -> HYDERABAD
MEDAK,Telangana,HMEL,Hyderabad,Hyderabad,76,"76 km straight-line, same state; HPL Annexure V puts both in one price point",Inferred Location Match,Approved for Phase 1 (HPL-corroborated),,,,inferred_via_hpl -> Hyderabad
MEDAK,Telangana,HPL,Hyderabad,Telangana_Hyderabad,76,"76 km, HPL's own territory list (Annexure V): listed district -> Telangana_Hyderabad",Territory Match,Approved for Phase 1,,,,published_map -> Telangana_Hyderabad
MEDAK,Telangana,OPaL,Hyderabad,Hyderabad,76,"76 km straight-line, same state; HPL Annexure V puts both in one price point",Inferred Location Match,Approved for Phase 1 (HPL-corroborated),,,,inferred_via_hpl -> Hyderabad
MEERUT,Uttar Pradesh,IOCL,Noida,Gautam Budh nagar,58,"58 km straight-line, same state; HPL Annexure V puts both in one price point",Inferred Location Match,Approved for Phase 1 (HPL-corroborated),,,,unresolved
MEERUT,Uttar Pradesh,RIL,New Delhi,DELHI,62,62 km straight-line; own-state zone is 202 km away; crosses into Delhi,Inferred Location Match,Approved for Phase 1,,yes,own-state zone is 202 km away; crosses into Delhi,unresolved
MEERUT,Uttar Pradesh,HMEL,Ghaziabad,Ghaziabad,44,"44 km straight-line, same state; HPL Annexure V puts both in one price point",Inferred Location Match,Approved for Phase 1 (HPL-corroborated),,,,unresolved
MEERUT,Uttar Pradesh,HPL,Noida,Uttar Pradesh_Noida,58,"58 km, HPL's own territory list (Annexure V): listed district -> Uttar Pradesh_Noida",Territory Match,Approved for Phase 1,,,,published_map -> Uttar Pradesh_Noida
MEERUT,Uttar Pradesh,OPaL,Ghaziabad,Ghaziabad/Dadri,44,"44 km straight-line, same state; HPL Annexure V puts both in one price point",Inferred Location Match,Approved for Phase 1 (HPL-corroborated),,,,unresolved
MEHSANA,Gujarat,RIL,Ahmedabad,AHMEDABAD,67,"67 km straight-line, same state",Inferred Location Match,Approved for Phase 1,,,,unresolved
MODINAGAR,Uttar Pradesh,IOCL,Noida,Gautam Budh nagar,37,"37 km straight-line, same state; HPL Annexure V puts both in one price point",Inferred Location Match,Approved for Phase 1 (HPL-corroborated),,,,unresolved
MODINAGAR,Uttar Pradesh,RIL,New Delhi,DELHI,42,42 km straight-line; own-state zone is 188 km away; crosses into Delhi,Inferred Location Match,Approved for Phase 1,,yes,own-state zone is 188 km away; crosses into Delhi,unresolved
MODINAGAR,Uttar Pradesh,HMEL,Ghaziabad,Ghaziabad,23,"23 km straight-line, same state; HPL Annexure V puts both in one price point",Inferred Location Match,Approved for Phase 1 (HPL-corroborated),,,,unresolved
MODINAGAR,Uttar Pradesh,HPL,Noida,Uttar Pradesh_Noida,37,"37 km, HPL's own territory list (Annexure V): Ghāziābād district -> Uttar Pradesh_Noida",Territory Match,Approved for Phase 1,,,,unresolved
MODINAGAR,Uttar Pradesh,OPaL,Ghaziabad,Ghaziabad/Dadri,23,"23 km straight-line, same state; HPL Annexure V puts both in one price point",Inferred Location Match,Approved for Phase 1 (HPL-corroborated),,,,unresolved
MORADABAD,Uttar Pradesh,IOCL,Bareilly,Bareilly,83,"83 km straight-line, same state; HPL Annexure V puts both in one price point",Inferred Location Match,Approved for Phase 1 (HPL-corroborated),,,,inferred_via_hpl -> Bareilly
MORADABAD,Uttar Pradesh,RIL,Rudrapur,RUDRAPUR,63,63 km straight-line; own-state zone is 199 km away; crosses into Uttarakhand,Inferred Location Match,Approved for Phase 1,,yes,own-state zone is 199 km away; crosses into Uttarakhand,unresolved
MORADABAD,Uttar Pradesh,HMEL,Rudrapur,Rudrapur,63,63 km straight-line; own-state zone is 132 km away; crosses into Uttarakhand,Inferred Location Match,Approved for Phase 1,,yes,own-state zone is 132 km away; crosses into Uttarakhand,unresolved
MORADABAD,Uttar Pradesh,HPL,Bareilly,Uttar Pradesh_Bareilly,83,"83 km, HPL's own territory list (Annexure V): listed district -> Uttar Pradesh_Bareilly",Territory Match,Approved for Phase 1,,,,published_map -> Uttar Pradesh_Bareilly
MORADABAD,Uttar Pradesh,OPaL,Rudrapur,Rudrapur,63,63 km straight-line; own-state zone is 132 km away; crosses into Uttarakhand,Inferred Location Match,Approved for Phase 1,,yes,own-state zone is 132 km away; crosses into Uttarakhand,unresolved
MORBI,Gujarat,IOCL,Rajkot,Rajkot,59,"59 km straight-line, same state; HPL Annexure V puts both in one price point",Inferred Location Match,Approved for Phase 1 (HPL-corroborated),,,,inferred_via_hpl -> Rajkot
MORBI,Gujarat,RIL,Rajkot,RAJKOT,59,"59 km straight-line, same state; HPL Annexure V puts both in one price point",Inferred Location Match,Approved for Phase 1 (HPL-corroborated),,,,inferred_via_hpl -> RAJKOT
MORBI,Gujarat,HMEL,Rajkot,Rajkot,59,"59 km straight-line, same state; HPL Annexure V puts both in one price point",Inferred Location Match,Approved for Phase 1 (HPL-corroborated),,,,inferred_via_hpl -> Rajkot
MORBI,Gujarat,HPL,Rajkot,Gujarat_Rajkot,59,"59 km, HPL's own territory list (Annexure V): listed district -> Gujarat_Rajkot",Territory Match,Approved for Phase 1,,,,published_map -> Gujarat_Rajkot
MORBI,Gujarat,OPaL,Rajkot,Rajkot,59,"59 km straight-line, same state; HPL Annexure V puts both in one price point",Inferred Location Match,Approved for Phase 1 (HPL-corroborated),,,,inferred_via_hpl -> Rajkot
MUDHOL,Karnataka,IOCL,Dharwad,Dharwad,101,"101 km straight-line, same state",Inferred Location Match,Approved for Phase 1,,,,unresolved
MUDHOL,Karnataka,RIL,Hubballi,HUBLI,111,"111 km straight-line, same state",Inferred Location Match,Approved for Phase 1,,,,unresolved
MUDHOL,Karnataka,HMEL,Hubballi,Hubli,111,"111 km straight-line, same state",Inferred Location Match,Approved for Phase 1,,,,unresolved
MUDHOL,Karnataka,HPL,Ballari,Karnataka_Bellary,220,"220 km, HPL's own territory list (Annexure V): Bagalkot district -> Karnataka_Bellary",Territory Match,Approved for Phase 1,,,,unresolved
MUDHOL,Karnataka,OPaL,Hubballi,Hubli,111,"111 km straight-line, same state; HPL puts the town in the same price point as Kalaburagi (199 km)",Inferred Location Match,Confirm,Kalaburagi (199 km),,HPL puts the town in the same price point as Kalaburagi (199 km),unresolved
MUNDRA,Gujarat,IOCL,Gandhidham,Gandhidham,50,"50 km straight-line, same state",Inferred Location Match,Approved for Phase 1,,,,unresolved
MUNDRA,Gujarat,RIL,Gandhidham,GANDHIDHAM,50,"50 km straight-line, same state",Inferred Location Match,Approved for Phase 1,,,,unresolved
MUNDRA,Gujarat,HPL,Gandhidham,Gujarat_Gandhidham,50,"50 km, HPL's own territory list (Annexure V): Kachchh district -> Gujarat_Gandhidham",Territory Match,Approved for Phase 1,,,,unresolved
MUNDRA,Gujarat,OPaL,Gandhidham,Gandhidham,50,"50 km straight-line, same state",Inferred Location Match,Approved for Phase 1,,,,unresolved
MUZAFFARNAGAR,Uttar Pradesh,IOCL,Noida,Gautam Budh nagar,106,"106 km straight-line, same state; HPL Annexure V puts both in one price point",Inferred Location Match,Approved for Phase 1 (HPL-corroborated),,,,unresolved
MUZAFFARNAGAR,Uttar Pradesh,RIL,Panipat,PANIPAT,72,72 km straight-line; own-state zone is 256 km away; crosses into Haryana,Inferred Location Match,Approved for Phase 1,,yes,own-state zone is 256 km away; crosses into Haryana,unresolved
MUZAFFARNAGAR,Uttar Pradesh,HMEL,Saharanpur,Saharanpur,57,"57 km straight-line, same state; HPL Annexure V puts both in one price point",Inferred Location Match,Approved for Phase 1 (HPL-corroborated),,,,unresolved
MUZAFFARNAGAR,Uttar Pradesh,HPL,Noida,Uttar Pradesh_Noida,106,"106 km, HPL's own territory list (Annexure V): listed district -> Uttar Pradesh_Noida",Territory Match,Approved for Phase 1,,,,published_map -> Uttar Pradesh_Noida
MUZAFFARNAGAR,Uttar Pradesh,OPaL,Saharanpur,Saharanpur,57,"57 km straight-line, same state; HPL Annexure V puts both in one price point",Inferred Location Match,Approved for Phase 1 (HPL-corroborated),,,,unresolved
MYSORE,Karnataka,IOCL,Bengaluru,Bangalore,128,"128 km straight-line, same state; HPL Annexure V puts both in one price point",Inferred Location Match,Approved for Phase 1 (HPL-corroborated),,,,unresolved
MYSORE,Karnataka,HMEL,Bengaluru,Bengaluru,128,"128 km straight-line, same state; HPL Annexure V puts both in one price point",Inferred Location Match,Approved for Phase 1 (HPL-corroborated),,,,unresolved
MYSORE,Karnataka,HPL,Bengaluru,Karnataka_Bangalore,128,"128 km, HPL's own territory list (Annexure V): listed district -> Karnataka_Bangalore",Territory Match,Approved for Phase 1,,,,unresolved
MYSORE,Karnataka,OPaL,Bengaluru,Bengaluru,128,"128 km straight-line, same state; HPL Annexure V puts both in one price point",Inferred Location Match,Approved for Phase 1 (HPL-corroborated),,,,unresolved
Machlipatnam,Andhra Pradesh,IOCL,Guntur,Guntur,74,"74 km straight-line, same state; HPL Annexure V puts both in one price point",Inferred Location Match,Approved for Phase 1 (HPL-corroborated),,,,unresolved
Machlipatnam,Andhra Pradesh,RIL,Vijayawada,VIJAYAWADA,63,"63 km straight-line, same state; HPL Annexure V puts both in one price point",Inferred Location Match,Approved for Phase 1 (HPL-corroborated),,,,unresolved
Machlipatnam,Andhra Pradesh,HMEL,Vijayawada,Vijayawada,63,"63 km straight-line, same state; HPL Annexure V puts both in one price point",Inferred Location Match,Approved for Phase 1 (HPL-corroborated),,,,unresolved
Machlipatnam,Andhra Pradesh,HPL,Guntur,Andhra Pradesh_Guntur,74,"74 km, HPL's own territory list (Annexure V): Krishna district -> Andhra Pradesh_Guntur",Territory Match,Approved for Phase 1,,,,unresolved
Machlipatnam,Andhra Pradesh,OPaL,Vijayawada,Vijaywada/Guntur,63,"63 km straight-line, same state; HPL Annexure V puts both in one price point",Inferred Location Match,Approved for Phase 1 (HPL-corroborated),,,,unresolved
NAGAUR,Rajasthan,IOCL,Jodhpur,Jodhpur,127,"127 km straight-line, same state; HPL Annexure V puts both in one price point",Inferred Location Match,Approved for Phase 1 (HPL-corroborated),,,,inferred_via_hpl -> Jodhpur
NAGAUR,Rajasthan,RIL,Jodhpur,JODHPUR,127,"127 km straight-line, same state; HPL Annexure V puts both in one price point",Inferred Location Match,Approved for Phase 1 (HPL-corroborated),,,,inferred_via_hpl -> JODHPUR
NAGAUR,Rajasthan,HMEL,Ajmer,Ajmer,123,"123 km straight-line, same state; runner-up Jodhpur (127 km); HPL puts the town in the same price point as Jodhpur (127 km)",Inferred Location Match,Confirm,Jodhpur (127 km),,runner-up Jodhpur (127 km); HPL puts the town in the same price point as Jodhpur (127 km),inferred_via_hpl -> Jodhpur
NAGAUR,Rajasthan,HPL,Jodhpur,Rajasthan_Jodhpur,127,"127 km, HPL's own territory list (Annexure V): listed district -> Rajasthan_Jodhpur",Territory Match,Approved for Phase 1,,,,published_map -> Rajasthan_Jodhpur
NAGAUR,Rajasthan,OPaL,Jodhpur,Jodhpur,127,"127 km straight-line, same state; HPL Annexure V puts both in one price point",Inferred Location Match,Approved for Phase 1 (HPL-corroborated),,,,inferred_via_hpl -> Jodhpur
NALANDA,Bihar,IOCL,Bihar (state-wide zone),Bihar,,zone covers all of Bihar,Territory Match,Approved for Phase 1,,,,unresolved
NALANDA,Bihar,RIL,Patna,PATNA,59,"59 km straight-line, same state; approx. town location",Inferred Location Match,Approved for Phase 1,,,approx. town location,unresolved
NALANDA,Bihar,HMEL,Patna,Patna,59,"59 km straight-line, same state; approx. town location",Inferred Location Match,Approved for Phase 1,,,approx. town location,unresolved
NALANDA,Bihar,HPL,Bihar (state-wide zone),Bihar,,zone covers all of Bihar,Territory Match,Approved for Phase 1,,,,unresolved
NALANDA,Bihar,OPaL,Patna,Patna,59,"59 km straight-line, same state; approx. town location",Inferred Location Match,Approved for Phase 1,,,approx. town location,unresolved
NALGONDA,Telangana,IOCL,Suriapet,Suryapet,39,"39 km straight-line, same state; HPL Annexure V puts both in one price point",Inferred Location Match,Approved for Phase 1 (HPL-corroborated),,,,inferred_via_hpl -> Suryapet
NALGONDA,Telangana,RIL,Suriapet,SURYAPET,39,"39 km straight-line, same state; HPL Annexure V puts both in one price point",Inferred Location Match,Approved for Phase 1 (HPL-corroborated),,,,inferred_via_hpl -> SURYAPET
NALGONDA,Telangana,HMEL,Kodar,Kodad,75,"75 km straight-line, same state; HPL Annexure V puts both in one price point",Inferred Location Match,Approved for Phase 1 (HPL-corroborated),,,,unresolved
NALGONDA,Telangana,HPL,Suriapet,Telangana_Suryapet,39,"39 km, HPL's own territory list (Annexure V): listed district -> Telangana_Suryapet",Territory Match,Approved for Phase 1,,,,published_map -> Telangana_Suryapet
NALGONDA,Telangana,OPaL,Suriapet,Suryapet,39,"39 km straight-line, same state; HPL Annexure V puts both in one price point",Inferred Location Match,Approved for Phase 1 (HPL-corroborated),,,,inferred_via_hpl -> Suryapet
NAMAKKAL,Tamil Nadu,IOCL,Salem,Salem,48,"48 km straight-line, same state; HPL puts the town in the same price point as Madurai (145 km)",Inferred Location Match,Confirm,Madurai (145 km),,HPL puts the town in the same price point as Madurai (145 km),inferred_via_hpl -> Madurai
NAMAKKAL,Tamil Nadu,RIL,Karur,KARUR,31,"31 km straight-line, same state; HPL Annexure V puts both in one price point",Inferred Location Match,Approved for Phase 1 (HPL-corroborated),,,,inferred_via_hpl -> MADURAI
NAMAKKAL,Tamil Nadu,HMEL,Karur,Karur,31,"31 km straight-line, same state; HPL Annexure V puts both in one price point",Inferred Location Match,Approved for Phase 1 (HPL-corroborated),,,,inferred_via_hpl -> Madurai
NAMAKKAL,Tamil Nadu,HPL,Madurai,Tamil Nadu_Madurai,145,"145 km, HPL's own territory list (Annexure V): listed district -> Tamil Nadu_Madurai",Territory Match,Approved for Phase 1,,,,published_map -> Tamil Nadu_Madurai
NAMAKKAL,Tamil Nadu,OPaL,Karur,Karur,31,"31 km straight-line, same state; HPL Annexure V puts both in one price point",Inferred Location Match,Approved for Phase 1 (HPL-corroborated),,,,inferred_via_hpl -> Madurai
NANDED,Maharashtra,IOCL,Aurangabad,Aurangabad,222,"222 km straight-line, same state; HPL Annexure V puts both in one price point",Inferred Location Match,Approved for Phase 1 (HPL-corroborated),,,,inferred_via_hpl -> Aurangabad
NANDED,Maharashtra,RIL,Aurangabad,AURANGBDMH,222,"222 km straight-line, same state; HPL Annexure V puts both in one price point",Inferred Location Match,Approved for Phase 1 (HPL-corroborated),,,,unresolved
NANDED,Maharashtra,HMEL,Aurangabad,Aurangabad,222,"222 km straight-line, same state; HPL Annexure V puts both in one price point",Inferred Location Match,Approved for Phase 1 (HPL-corroborated),,,,inferred_via_hpl -> Aurangabad
NANDED,Maharashtra,HPL,Aurangabad,Maharashtra_Aurangabad,222,"222 km, HPL's own territory list (Annexure V): listed district -> Maharashtra_Aurangabad",Territory Match,Approved for Phase 1,,,,published_map -> Maharashtra_Aurangabad
NANDED,Maharashtra,OPaL,Aurangabad,Aurangabad (MH),222,"222 km straight-line, same state; HPL Annexure V puts both in one price point",Inferred Location Match,Approved for Phase 1 (HPL-corroborated),,,,inferred_via_hpl -> Aurangabad (MH)
NANDYAL,Andhra Pradesh,IOCL,Guntur,Guntur,230,"230 km straight-line, same state; HPL Annexure V puts both in one price point",Inferred Location Match,Approved for Phase 1 (HPL-corroborated),,,,inferred_via_hpl -> Guntur
NANDYAL,Andhra Pradesh,HMEL,Kadapa,Cuddapah,117,"117 km straight-line, same state; HPL puts the town in the same price point as Vijayawada (258 km)",Inferred Location Match,Confirm,Vijayawada (258 km),,HPL puts the town in the same price point as Vijayawada (258 km),unresolved
NANDYAL,Andhra Pradesh,HPL,Guntur,Andhra Pradesh_Guntur,230,"230 km, HPL's own territory list (Annexure V): listed district -> Andhra Pradesh_Guntur",Territory Match,Approved for Phase 1,,,,published_map -> Andhra Pradesh_Guntur
NARSARAOPET,Andhra Pradesh,IOCL,Guntur,Guntur,44,"44 km straight-line, same state; HPL Annexure V puts both in one price point",Inferred Location Match,Approved for Phase 1 (HPL-corroborated),,,,unresolved
NARSARAOPET,Andhra Pradesh,RIL,Vijayawada,VIJAYAWADA,71,"71 km straight-line, same state; HPL Annexure V puts both in one price point",Inferred Location Match,Approved for Phase 1 (HPL-corroborated),,,,unresolved
NARSARAOPET,Andhra Pradesh,HMEL,Vijayawada,Vijayawada,71,"71 km straight-line, same state; HPL Annexure V puts both in one price point",Inferred Location Match,Approved for Phase 1 (HPL-corroborated),,,,unresolved
NARSARAOPET,Andhra Pradesh,HPL,Guntur,Andhra Pradesh_Guntur,44,"44 km, HPL's own territory list (Annexure V): Palnadu district -> Andhra Pradesh_Guntur",Territory Match,Approved for Phase 1,,,,unresolved
NARSARAOPET,Andhra Pradesh,OPaL,Vijayawada,Vijaywada/Guntur,71,"71 km straight-line, same state; HPL Annexure V puts both in one price point",Inferred Location Match,Approved for Phase 1 (HPL-corroborated),,,,unresolved
NARWANA,Haryana,IOCL,Panipat,Panipat,85,"85 km straight-line, same state; HPL Annexure V puts both in one price point",Inferred Location Match,Approved for Phase 1 (HPL-corroborated),,,,unresolved
NARWANA,Haryana,RIL,Panipat,PANIPAT,85,"85 km straight-line, same state; HPL Annexure V puts both in one price point",Inferred Location Match,Approved for Phase 1 (HPL-corroborated),,,,unresolved
NARWANA,Haryana,HMEL,Panipat,Panipat,85,"85 km straight-line, same state; HPL Annexure V puts both in one price point",Inferred Location Match,Approved for Phase 1 (HPL-corroborated),,,,unresolved
NARWANA,Haryana,HPL,Panipat,Haryana_Panipat,85,"85 km, HPL's own territory list (Annexure V): Jīnd district -> Haryana_Panipat",Territory Match,Approved for Phase 1,,,,unresolved
NARWANA,Haryana,OPaL,Panipat,Panipat,85,"85 km straight-line, same state; HPL Annexure V puts both in one price point",Inferred Location Match,Approved for Phase 1 (HPL-corroborated),,,,unresolved
NEEMUCH,Madhya Pradesh,IOCL,Indore,Indore,218,"218 km straight-line, same state; HPL Annexure V puts both in one price point; approx. town location",Inferred Location Match,Approved for Phase 1 (HPL-corroborated),,,approx. town location,inferred_via_hpl -> Indore
NEEMUCH,Madhya Pradesh,RIL,Indore,INDORE,218,"218 km straight-line, same state; HPL Annexure V puts both in one price point; approx. town location",Inferred Location Match,Approved for Phase 1 (HPL-corroborated),,,approx. town location,inferred_via_hpl -> INDORE
NEEMUCH,Madhya Pradesh,HMEL,Indore,Indore,218,"218 km straight-line, same state; HPL Annexure V puts both in one price point; approx. town location",Inferred Location Match,Approved for Phase 1 (HPL-corroborated),,,approx. town location,inferred_via_hpl -> Indore
NEEMUCH,Madhya Pradesh,HPL,Indore,Madhya Pradesh_Indore,218,"218 km, HPL's own territory list (Annexure V): listed district -> Madhya Pradesh_Indore",Territory Match,Approved for Phase 1,,,,published_map -> Madhya Pradesh_Indore
NEEMUCH,Madhya Pradesh,OPaL,Indore,Indore,218,"218 km straight-line, same state; HPL Annexure V puts both in one price point; approx. town location",Inferred Location Match,Approved for Phase 1 (HPL-corroborated),,,approx. town location,inferred_via_hpl -> Indore
NELLORE,Andhra Pradesh,IOCL,Chittoor,Chittoor,168,"168 km straight-line, same state; HPL Annexure V puts both in one price point",Inferred Location Match,Approved for Phase 1 (HPL-corroborated),,,,unresolved
NELLORE,Andhra Pradesh,RIL,Tirupati,TIRUPATHI,109,"109 km straight-line, same state; HPL Annexure V puts both in one price point",Inferred Location Match,Approved for Phase 1 (HPL-corroborated),,,,unresolved
NELLORE,Andhra Pradesh,HMEL,Tirupati,Tirupathi,109,"109 km straight-line, same state; HPL Annexure V puts both in one price point",Inferred Location Match,Approved for Phase 1 (HPL-corroborated),,,,unresolved
NELLORE,Andhra Pradesh,HPL,Tirupati,Andhra Pradesh_tirupati,109,"109 km, HPL's own territory list (Annexure V): Nellore district -> Andhra Pradesh_tirupati",Territory Match,Approved for Phase 1,,,,unresolved
NELLORE,Andhra Pradesh,OPaL,Tirupati,Tirupathi,109,"109 km straight-line, same state; HPL Annexure V puts both in one price point",Inferred Location Match,Approved for Phase 1 (HPL-corroborated),,,,unresolved
NOKHA,Rajasthan,IOCL,Jodhpur,Jodhpur,151,"151 km straight-line, same state; HPL Annexure V puts both in one price point",Inferred Location Match,Approved for Phase 1 (HPL-corroborated),,,,unresolved
NOKHA,Rajasthan,RIL,Jodhpur,JODHPUR,151,"151 km straight-line, same state; HPL Annexure V puts both in one price point",Inferred Location Match,Approved for Phase 1 (HPL-corroborated),,,,unresolved
NOKHA,Rajasthan,HMEL,Jodhpur,Jodhpur,151,"151 km straight-line, same state; HPL Annexure V puts both in one price point",Inferred Location Match,Approved for Phase 1 (HPL-corroborated),,,,unresolved
NOKHA,Rajasthan,HPL,Jodhpur,Rajasthan_Jodhpur,151,"151 km, HPL's own territory list (Annexure V): Bikaner district -> Rajasthan_Jodhpur",Territory Match,Approved for Phase 1,,,,unresolved
NOKHA,Rajasthan,OPaL,Jodhpur,Jodhpur,151,"151 km straight-line, same state; HPL Annexure V puts both in one price point",Inferred Location Match,Approved for Phase 1 (HPL-corroborated),,,,unresolved
ONGOLE,Andhra Pradesh,IOCL,Guntur,Guntur,99,"99 km straight-line, same state; HPL Annexure V puts both in one price point",Inferred Location Match,Approved for Phase 1 (HPL-corroborated),,,,unresolved
ONGOLE,Andhra Pradesh,RIL,Vijayawada,VIJAYAWADA,129,"129 km straight-line, same state; HPL Annexure V puts both in one price point",Inferred Location Match,Approved for Phase 1 (HPL-corroborated),,,,unresolved
ONGOLE,Andhra Pradesh,HMEL,Vijayawada,Vijayawada,129,"129 km straight-line, same state; HPL Annexure V puts both in one price point",Inferred Location Match,Approved for Phase 1 (HPL-corroborated),,,,unresolved
ONGOLE,Andhra Pradesh,HPL,Guntur,Andhra Pradesh_Guntur,99,"99 km, HPL's own territory list (Annexure V): Prakasam district -> Andhra Pradesh_Guntur",Territory Match,Approved for Phase 1,,,,unresolved
ONGOLE,Andhra Pradesh,OPaL,Vijayawada,Vijaywada/Guntur,129,"129 km straight-line, same state; HPL Annexure V puts both in one price point",Inferred Location Match,Approved for Phase 1 (HPL-corroborated),,,,unresolved
PADRA,Gujarat,IOCL,Vadodara,Vadodara,14,"14 km straight-line, same state; HPL Annexure V puts both in one price point",Inferred Location Match,Approved for Phase 1 (HPL-corroborated),,,,unresolved
PADRA,Gujarat,RIL,Vadodara,BARODA,14,"14 km straight-line, same state; HPL Annexure V puts both in one price point",Inferred Location Match,Approved for Phase 1 (HPL-corroborated),,,,unresolved
PADRA,Gujarat,HMEL,Vadodara,Vadodara,14,"14 km straight-line, same state; HPL Annexure V puts both in one price point",Inferred Location Match,Approved for Phase 1 (HPL-corroborated),,,,unresolved
PADRA,Gujarat,HPL,Vadodara,Gujarat_Vadodara,14,"14 km, HPL's own territory list (Annexure V): Vadodara district -> Gujarat_Vadodara",Territory Match,Approved for Phase 1,,,,unresolved
PADRA,Gujarat,OPaL,Vadodara,Vadodara,14,"14 km straight-line, same state; HPL Annexure V puts both in one price point",Inferred Location Match,Approved for Phase 1 (HPL-corroborated),,,,unresolved
PALANPUR,Gujarat,IOCL,Mahesana,Mehsana,64,"64 km straight-line, same state; HPL Annexure V puts both in one price point",Inferred Location Match,Approved for Phase 1 (HPL-corroborated),,,,unresolved
PALANPUR,Gujarat,RIL,Ahmedabad,AHMEDABAD,128,"128 km straight-line, same state",Inferred Location Match,Confirm,,,,unresolved
PALANPUR,Gujarat,HMEL,Mahesana,Mehsana,64,"64 km straight-line, same state; HPL Annexure V puts both in one price point",Inferred Location Match,Approved for Phase 1 (HPL-corroborated),,,,unresolved
PALANPUR,Gujarat,HPL,Mahesana,Gujarat_Mehsana,64,"64 km, HPL's own territory list (Annexure V): Banās Kāntha district -> Gujarat_Mehsana",Territory Match,Approved for Phase 1,,,,unresolved
PALANPUR,Gujarat,OPaL,Kalol,Kalol (Mehsana),103,"103 km straight-line, same state",Inferred Location Match,Approved for Phase 1,,,,unresolved
PALEJ,Gujarat,IOCL,Vadodara,Vadodara,45,"45 km straight-line, same state; HPL Annexure V puts both in one price point",Inferred Location Match,Approved for Phase 1 (HPL-corroborated),,,,unresolved
PALEJ,Gujarat,RIL,Vadodara,BARODA,45,"45 km straight-line, same state; HPL Annexure V puts both in one price point",Inferred Location Match,Approved for Phase 1 (HPL-corroborated),,,,unresolved
PALEJ,Gujarat,HMEL,Vadodara,Vadodara,45,"45 km straight-line, same state; HPL Annexure V puts both in one price point",Inferred Location Match,Approved for Phase 1 (HPL-corroborated),,,,unresolved
PALEJ,Gujarat,HPL,Vadodara,Gujarat_Vadodara,45,"45 km, HPL's own territory list (Annexure V): Vadodara district -> Gujarat_Vadodara",Territory Match,Approved for Phase 1,,,,unresolved
PALEJ,Gujarat,OPaL,Vadodara,Vadodara,45,"45 km straight-line, same state; HPL Annexure V puts both in one price point",Inferred Location Match,Approved for Phase 1 (HPL-corroborated),,,,unresolved
PALGHAT,Kerala,IOCL,Kerala (state-wide zone),Kerala,,zone covers all of Kerala,Territory Match,Approved for Phase 1,,,,unresolved
PALGHAT,Kerala,RIL,Coimbatore,COIMBATORE,43,43 km straight-line; own-state zone is 102 km away; crosses into Tamil Nadu,Inferred Location Match,Approved for Phase 1,,yes,own-state zone is 102 km away; crosses into Tamil Nadu,unresolved
PALGHAT,Kerala,HMEL,Coimbatore,Coimbatore,43,43 km straight-line; own-state zone is 102 km away; crosses into Tamil Nadu,Inferred Location Match,Approved for Phase 1,,yes,own-state zone is 102 km away; crosses into Tamil Nadu,unresolved
PALGHAT,Kerala,HPL,Kerala (state-wide zone),Kerala,,zone covers all of Kerala,Territory Match,Approved for Phase 1,,,,unresolved
PALGHAT,Kerala,OPaL,Coimbatore,Coimbatore,43,43 km straight-line; own-state zone is 102 km away; crosses into Tamil Nadu,Inferred Location Match,Approved for Phase 1,,yes,own-state zone is 102 km away; crosses into Tamil Nadu,unresolved
PALI,Rajasthan,IOCL,Jodhpur,Jodhpur,64,"64 km straight-line, same state; HPL Annexure V puts both in one price point",Inferred Location Match,Approved for Phase 1 (HPL-corroborated),,,,inferred_via_hpl -> Jodhpur
PALI,Rajasthan,RIL,Jodhpur,JODHPUR,64,"64 km straight-line, same state; HPL Annexure V puts both in one price point",Inferred Location Match,Approved for Phase 1 (HPL-corroborated),,,,inferred_via_hpl -> JODHPUR
PALI,Rajasthan,HMEL,Jodhpur,Jodhpur,64,"64 km straight-line, same state; HPL Annexure V puts both in one price point",Inferred Location Match,Approved for Phase 1 (HPL-corroborated),,,,inferred_via_hpl -> Jodhpur
PALI,Rajasthan,HPL,Jodhpur,Rajasthan_Jodhpur,64,"64 km, HPL's own territory list (Annexure V): listed district -> Rajasthan_Jodhpur",Territory Match,Approved for Phase 1,,,,published_map -> Rajasthan_Jodhpur
PALI,Rajasthan,OPaL,Jodhpur,Jodhpur,64,"64 km straight-line, same state; HPL Annexure V puts both in one price point",Inferred Location Match,Approved for Phase 1 (HPL-corroborated),,,,inferred_via_hpl -> Jodhpur
PAONTA SAHIB,Himachal Pradesh,IOCL,Solan,Solan,72,"72 km straight-line, same state; HPL Annexure V puts both in one price point",Inferred Location Match,Approved for Phase 1 (HPL-corroborated),,,,unresolved
PAONTA SAHIB,Himachal Pradesh,RIL,Baddi,BADDI,99,"99 km straight-line, same state; HPL Annexure V puts both in one price point",Inferred Location Match,Approved for Phase 1 (HPL-corroborated),,,,unresolved
PAONTA SAHIB,Himachal Pradesh,HMEL,Baddi,Baddi,99,"99 km straight-line, same state; HPL Annexure V puts both in one price point",Inferred Location Match,Approved for Phase 1 (HPL-corroborated),,,,unresolved
PAONTA SAHIB,Himachal Pradesh,HPL,Baddi,Himachal Pradesh_Baddi,99,"99 km, HPL's own territory list (Annexure V): Sirmaur district -> Himachal Pradesh_Baddi",Territory Match,Approved for Phase 1,,,,unresolved
PAONTA SAHIB,Himachal Pradesh,OPaL,Kala Amb,Kalaamb,40,"40 km straight-line, same state; HPL Annexure V puts both in one price point",Inferred Location Match,Approved for Phase 1 (HPL-corroborated),,,,unresolved
PARBHANI,Maharashtra,IOCL,Aurangabad,Aurangabad,164,"164 km straight-line, same state; HPL Annexure V puts both in one price point",Inferred Location Match,Approved for Phase 1 (HPL-corroborated),,,,inferred_via_hpl -> Aurangabad
PARBHANI,Maharashtra,RIL,Aurangabad,AURANGBDMH,164,"164 km straight-line, same state; HPL Annexure V puts both in one price point",Inferred Location Match,Approved for Phase 1 (HPL-corroborated),,,,unresolved
PARBHANI,Maharashtra,HMEL,Aurangabad,Aurangabad,164,"164 km straight-line, same state; HPL Annexure V puts both in one price point",Inferred Location Match,Approved for Phase 1 (HPL-corroborated),,,,inferred_via_hpl -> Aurangabad
PARBHANI,Maharashtra,HPL,Aurangabad,Maharashtra_Aurangabad,164,"164 km, HPL's own territory list (Annexure V): listed district -> Maharashtra_Aurangabad",Territory Match,Approved for Phase 1,,,,published_map -> Maharashtra_Aurangabad
PARBHANI,Maharashtra,OPaL,Aurangabad,Aurangabad (MH),164,"164 km straight-line, same state; HPL Annexure V puts both in one price point",Inferred Location Match,Approved for Phase 1 (HPL-corroborated),,,,inferred_via_hpl -> Aurangabad (MH)
PARWANU,Himachal Pradesh,IOCL,Solan,Solan,16,"16 km straight-line, same state; HPL Annexure V puts both in one price point",Inferred Location Match,Approved for Phase 1 (HPL-corroborated),,,,unresolved
PARWANU,Himachal Pradesh,RIL,Baddi,BADDI,21,"21 km straight-line, same state; HPL Annexure V puts both in one price point",Inferred Location Match,Approved for Phase 1 (HPL-corroborated),,,,unresolved
PARWANU,Himachal Pradesh,HMEL,Baddi,Baddi,21,"21 km straight-line, same state; HPL Annexure V puts both in one price point",Inferred Location Match,Approved for Phase 1 (HPL-corroborated),,,,unresolved
PARWANU,Himachal Pradesh,HPL,Baddi,Himachal Pradesh_Baddi,21,"21 km, HPL's own territory list (Annexure V): Solan district -> Himachal Pradesh_Baddi",Territory Match,Approved for Phase 1,,,,unresolved
PARWANU,Himachal Pradesh,OPaL,Baddi,Baddi,21,"21 km straight-line, same state; HPL Annexure V puts both in one price point",Inferred Location Match,Approved for Phase 1 (HPL-corroborated),,,,unresolved
PATHANAMTH,Kerala,IOCL,Kerala (state-wide zone),Kerala,,zone covers all of Kerala,Territory Match,Approved for Phase 1,,,,unresolved
PATHANAMTH,Kerala,RIL,Thiruvananthapuram,TRIVANDRUM,89,"89 km straight-line, same state; runner-up Kochi (94 km)",Inferred Location Match,Confirm,Kochi (94 km),,runner-up Kochi (94 km),unresolved
PATHANAMTH,Kerala,HMEL,Thiruvananthapuram,Thiruvananthapuram,89,"89 km straight-line, same state; runner-up Kochi (94 km)",Inferred Location Match,Confirm,Kochi (94 km),,runner-up Kochi (94 km),unresolved
PATHANAMTH,Kerala,HPL,Kerala (state-wide zone),Kerala,,zone covers all of Kerala,Territory Match,Approved for Phase 1,,,,unresolved
PATHANAMTH,Kerala,OPaL,Thiruvananthapuram,Trivandrum,89,"89 km straight-line, same state; runner-up Kochi (94 km)",Inferred Location Match,Confirm,Kochi (94 km),,runner-up Kochi (94 km),unresolved
PATNA,Bihar,HPL,Bihar (state-wide zone),Bihar,,zone covers all of Bihar,Territory Match,Approved for Phase 1,,,,unresolved
PHALODI,Rajasthan,IOCL,Jodhpur,Jodhpur,115,"115 km straight-line, same state; HPL Annexure V puts both in one price point",Inferred Location Match,Approved for Phase 1 (HPL-corroborated),,,,inferred_via_hpl -> Jodhpur
PHALODI,Rajasthan,RIL,Jodhpur,JODHPUR,115,"115 km straight-line, same state; HPL Annexure V puts both in one price point",Inferred Location Match,Approved for Phase 1 (HPL-corroborated),,,,inferred_via_hpl -> JODHPUR
PHALODI,Rajasthan,HMEL,Jodhpur,Jodhpur,115,"115 km straight-line, same state; HPL Annexure V puts both in one price point",Inferred Location Match,Approved for Phase 1 (HPL-corroborated),,,,inferred_via_hpl -> Jodhpur
PHALODI,Rajasthan,HPL,Jodhpur,Rajasthan_Jodhpur,115,"115 km, HPL's own territory list (Annexure V): listed district -> Rajasthan_Jodhpur",Territory Match,Approved for Phase 1,,,,published_map -> Rajasthan_Jodhpur
PHALODI,Rajasthan,OPaL,Jodhpur,Jodhpur,115,"115 km straight-line, same state; HPL Annexure V puts both in one price point",Inferred Location Match,Approved for Phase 1 (HPL-corroborated),,,,inferred_via_hpl -> Jodhpur
PIDUGURALLA,Andhra Pradesh,IOCL,Guntur,Guntur,64,"64 km straight-line, same state; HPL Annexure V puts both in one price point",Inferred Location Match,Approved for Phase 1 (HPL-corroborated),,,,unresolved
PIDUGURALLA,Andhra Pradesh,RIL,Vijayawada,VIJAYAWADA,81,"81 km straight-line, same state; HPL Annexure V puts both in one price point",Inferred Location Match,Approved for Phase 1 (HPL-corroborated),,,,unresolved
PIDUGURALLA,Andhra Pradesh,HMEL,Vijayawada,Vijayawada,81,"81 km straight-line, same state; HPL Annexure V puts both in one price point",Inferred Location Match,Approved for Phase 1 (HPL-corroborated),,,,unresolved
PIDUGURALLA,Andhra Pradesh,HPL,Guntur,Andhra Pradesh_Guntur,64,"64 km, HPL's own territory list (Annexure V): Palnadu district -> Andhra Pradesh_Guntur",Territory Match,Approved for Phase 1,,,,unresolved
PIDUGURALLA,Andhra Pradesh,OPaL,Vijayawada,Vijaywada/Guntur,81,"81 km straight-line, same state; HPL Annexure V puts both in one price point",Inferred Location Match,Approved for Phase 1 (HPL-corroborated),,,,unresolved
PONDICHERRY,Puducherry,RIL,Puducherry,PONDICHERY,0,"same place, different label/spelling (0 km)",Inferred Location Match,Approved for Phase 1,,,,unresolved
PONDICHERRY,Puducherry,OPaL,Puducherry,Pondichery,0,"same place, different label/spelling (0 km)",Inferred Location Match,Approved for Phase 1,,,,unresolved
PORBANDAR,Gujarat,IOCL,Rajkot,Rajkot,142,"142 km straight-line, same state; HPL Annexure V puts both in one price point",Inferred Location Match,Approved for Phase 1 (HPL-corroborated),,,,inferred_via_hpl -> Rajkot
PORBANDAR,Gujarat,RIL,Rajkot,RAJKOT,142,"142 km straight-line, same state; HPL Annexure V puts both in one price point",Inferred Location Match,Approved for Phase 1 (HPL-corroborated),,,,inferred_via_hpl -> RAJKOT
PORBANDAR,Gujarat,HPL,Rajkot,Gujarat_Rajkot,142,"142 km, HPL's own territory list (Annexure V): listed district -> Gujarat_Rajkot",Territory Match,Approved for Phase 1,,,,published_map -> Gujarat_Rajkot
PORBANDAR,Gujarat,OPaL,Rajkot,Rajkot,142,"142 km straight-line, same state; HPL Annexure V puts both in one price point",Inferred Location Match,Approved for Phase 1 (HPL-corroborated),,,,inferred_via_hpl -> Rajkot
RAI BAREILLY,Uttar Pradesh,IOCL,Kanpur,Kanpur,92,"92 km straight-line, same state",Inferred Location Match,Approved for Phase 1,,,,unresolved
RAI BAREILLY,Uttar Pradesh,RIL,Kanpur,KANPUR,92,"92 km straight-line, same state",Inferred Location Match,Approved for Phase 1,,,,unresolved
RAI BAREILLY,Uttar Pradesh,HMEL,Kanpur,Kanpur,92,"92 km straight-line, same state",Inferred Location Match,Approved for Phase 1,,,,unresolved
RAI BAREILLY,Uttar Pradesh,HPL,Kanpur,Uttar Pradesh_Kanpur,92,"92 km straight-line, same state",Inferred Location Match,Approved for Phase 1,,,,unresolved
RAI BAREILLY,Uttar Pradesh,OPaL,Kanpur,Kanpur,92,"92 km straight-line, same state",Inferred Location Match,Approved for Phase 1,,,,unresolved
RAIGAD,Maharashtra,IOCL,Mumbai,Mumbai,62,"62 km straight-line, same state; HPL Annexure V puts both in one price point; approx. town location",Inferred Location Match,Approved for Phase 1 (HPL-corroborated),,,approx. town location,inferred_via_hpl -> Mumbai
RAIGAD,Maharashtra,RIL,Mumbai,MUMBAI,62,"62 km straight-line, same state; HPL Annexure V puts both in one price point; approx. town location",Inferred Location Match,Approved for Phase 1 (HPL-corroborated),,,approx. town location,inferred_via_hpl -> MUMBAI
RAIGAD,Maharashtra,HMEL,Khalapur,Khalapur,33,"33 km straight-line, same state; HPL Annexure V puts both in one price point; approx. town location",Inferred Location Match,Approved for Phase 1 (HPL-corroborated),,,approx. town location,inferred_via_hpl -> Mumbai
RAIGAD,Maharashtra,HPL,Mumbai,Maharashtra_Mumbai,62,"62 km, HPL's own territory list (Annexure V): listed district -> Maharashtra_Mumbai",Territory Match,Approved for Phase 1,,,,published_map -> Maharashtra_Mumbai
RAIGAD,Maharashtra,OPaL,Mumbai,Mumbai,62,"62 km straight-line, same state; HPL Annexure V puts both in one price point; approx. town location",Inferred Location Match,Approved for Phase 1 (HPL-corroborated),,,approx. town location,inferred_via_hpl -> Mumbai
RAIGARH,Chhattisgarh,IOCL,Chhattisgarh (state-wide zone),Chattisgarh,,zone covers all of Chhattisgarh,Territory Match,Approved for Phase 1,,,,unresolved
RAIGARH,Chhattisgarh,RIL,Bilaspur,BILASPUR,130,"130 km straight-line, same state; a zone across the border is 1.5x+ closer: Bargarh, Odisha (67 km) vs 130 km in-state",Inferred Location Match,Confirm,Bargarh (67 km),,"a zone across the border is 1.5x+ closer: Bargarh, Odisha (67 km) vs 130 km in-state",unresolved
RAIGARH,Chhattisgarh,HMEL,Bilaspur,Bilaspur,130,"130 km straight-line, same state; a zone across the border is 1.5x+ closer: Bargarh, Odisha (67 km) vs 130 km in-state",Inferred Location Match,Confirm,Bargarh (67 km),,"a zone across the border is 1.5x+ closer: Bargarh, Odisha (67 km) vs 130 km in-state",unresolved
RAIGARH,Chhattisgarh,HPL,Chhattisgarh (state-wide zone),Chattisgarh,,zone covers all of Chhattisgarh,Territory Match,Approved for Phase 1,,,,unresolved
RAIGARH,Chhattisgarh,OPaL,Bilaspur,Bilaspur,130,"130 km straight-line, same state; a zone across the border is 1.5x+ closer: Bargarh, Odisha (67 km) vs 130 km in-state",Inferred Location Match,Confirm,Bargarh (67 km),,"a zone across the border is 1.5x+ closer: Bargarh, Odisha (67 km) vs 130 km in-state",unresolved
RAIPUR,Chhattisgarh,HPL,Chhattisgarh (state-wide zone),Chattisgarh,,zone covers all of Chhattisgarh,Territory Match,Approved for Phase 1,,,,unresolved
RAJMUNDHRY,Andhra Pradesh,IOCL,Guntur,Guntur,161,"161 km straight-line, same state; runner-up Visakhapatnam (169 km); HPL puts the town in the same price point as Visakhapatnam (169 km)",Inferred Location Match,Confirm,Visakhapatnam (169 km),,runner-up Visakhapatnam (169 km); HPL puts the town in the same price point as Visakhapatnam (169 km),unresolved
RAJMUNDHRY,Andhra Pradesh,RIL,Vijayawada,VIJAYAWADA,133,"133 km straight-line, same state; HPL puts the town in the same price point as Visakhapatnam (169 km)",Inferred Location Match,Confirm,Visakhapatnam (169 km),,HPL puts the town in the same price point as Visakhapatnam (169 km),unresolved
RAJMUNDHRY,Andhra Pradesh,HMEL,Vijayawada,Vijayawada,133,"133 km straight-line, same state; HPL puts the town in the same price point as Visakhapatnam (169 km)",Inferred Location Match,Confirm,Visakhapatnam (169 km),,HPL puts the town in the same price point as Visakhapatnam (169 km),unresolved
RAJMUNDHRY,Andhra Pradesh,HPL,Visakhapatnam,Andhra Pradesh_Vizag,169,"169 km, HPL's own territory list (Annexure V): East Godāvari district -> Andhra Pradesh_Vizag",Territory Match,Approved for Phase 1,,,,unresolved
RAJMUNDHRY,Andhra Pradesh,OPaL,Yanam,Yanam,56,56 km straight-line; own-state zone is 133 km away; HPL puts the town in the same price point as Visakhapatnam (169 km); crosses into Puducherry; approx. zone location,Inferred Location Match,Confirm,Visakhapatnam (169 km),yes,own-state zone is 133 km away; HPL puts the town in the same price point as Visakhapatnam (169 km); crosses into Puducherry; approx. zone location,unresolved
RAJNANDGAON,Chhattisgarh,IOCL,Chhattisgarh (state-wide zone),Chattisgarh,,zone covers all of Chhattisgarh,Territory Match,Approved for Phase 1,,,,unresolved
RAJNANDGAON,Chhattisgarh,RIL,Raipur,RAIPUR,64,"64 km straight-line, same state",Inferred Location Match,Approved for Phase 1,,,,unresolved
RAJNANDGAON,Chhattisgarh,HMEL,Raipur,Raipur,64,"64 km straight-line, same state",Inferred Location Match,Approved for Phase 1,,,,unresolved
RAJNANDGAON,Chhattisgarh,HPL,Chhattisgarh (state-wide zone),Chattisgarh,,zone covers all of Chhattisgarh,Territory Match,Approved for Phase 1,,,,unresolved
RAJNANDGAON,Chhattisgarh,OPaL,Raipur,Raipur,64,"64 km straight-line, same state",Inferred Location Match,Approved for Phase 1,,,,unresolved
RAJPALAYAM,Tamil Nadu,IOCL,Madurai,Madurai,81,"81 km straight-line, same state; HPL Annexure V puts both in one price point",Inferred Location Match,Approved for Phase 1 (HPL-corroborated),,,,unresolved
RAJPALAYAM,Tamil Nadu,RIL,Madurai,MADURAI,81,"81 km straight-line, same state; HPL Annexure V puts both in one price point",Inferred Location Match,Approved for Phase 1 (HPL-corroborated),,,,unresolved
RAJPALAYAM,Tamil Nadu,HMEL,Madurai,Madurai,81,"81 km straight-line, same state; HPL Annexure V puts both in one price point",Inferred Location Match,Approved for Phase 1 (HPL-corroborated),,,,unresolved
RAJPALAYAM,Tamil Nadu,HPL,Madurai,Tamil Nadu_Madurai,81,"81 km, HPL's own territory list (Annexure V): Virudhunagar district -> Tamil Nadu_Madurai",Territory Match,Approved for Phase 1,,,,unresolved
RAJPALAYAM,Tamil Nadu,OPaL,Madurai,Madurai,81,"81 km straight-line, same state; HPL Annexure V puts both in one price point",Inferred Location Match,Approved for Phase 1 (HPL-corroborated),,,,unresolved
RAJPURA,Punjab,IOCL,Ludhiana,Ludhiana,86,"86 km straight-line, same state; HPL Annexure V puts both in one price point",Inferred Location Match,Approved for Phase 1 (HPL-corroborated),,,,unresolved
RAJPURA,Punjab,RIL,Ludhiana,LUDHIANA,86,"86 km straight-line, same state; HPL Annexure V puts both in one price point",Inferred Location Match,Approved for Phase 1 (HPL-corroborated),,,,unresolved
RAJPURA,Punjab,HMEL,Punjab (state-wide zone),Punjab,,zone covers all of Punjab,Territory Match,Approved for Phase 1,,,,unresolved
RAJPURA,Punjab,HPL,Ludhiana,Punjab_Ludhiana,86,"86 km, HPL's own territory list (Annexure V): Patiala district -> Punjab_Ludhiana",Territory Match,Approved for Phase 1,,,,unresolved
RAJPURA,Punjab,OPaL,Ludhiana,Ludhiana,86,"86 km straight-line, same state; HPL Annexure V puts both in one price point",Inferred Location Match,Approved for Phase 1 (HPL-corroborated),,,,unresolved
RANIA,Haryana,IOCL,Panipat,Panipat,207,"207 km straight-line, same state; town identity uncertain",Inferred Location Match,Confirm,,,town identity uncertain,unresolved
RANIA,Haryana,RIL,Panipat,PANIPAT,207,"207 km straight-line, same state; town identity uncertain",Inferred Location Match,Confirm,,,town identity uncertain,unresolved
RANIA,Haryana,HMEL,Panipat,Panipat,207,"207 km straight-line, same state; town identity uncertain",Inferred Location Match,Confirm,,,town identity uncertain,unresolved
RANIA,Haryana,HPL,Panipat,Haryana_Panipat,207,"207 km, HPL's own territory list (Annexure V): Sirsa district -> Haryana_Panipat",Territory Match,Approved for Phase 1,,,,unresolved
RANIA,Haryana,OPaL,Panipat,Panipat,207,"207 km straight-line, same state; town identity uncertain",Inferred Location Match,Confirm,,,town identity uncertain,unresolved
RANIPET,Tamil Nadu,IOCL,Chennai,Chennai,104,"104 km straight-line, same state; HPL Annexure V puts both in one price point",Inferred Location Match,Approved for Phase 1 (HPL-corroborated),,,,inferred_via_hpl -> Chennai
RANIPET,Tamil Nadu,RIL,Chennai,CHENNAI,104,"104 km straight-line, same state; HPL Annexure V puts both in one price point",Inferred Location Match,Approved for Phase 1 (HPL-corroborated),,,,inferred_via_hpl -> CHENNAI
RANIPET,Tamil Nadu,HMEL,Chennai,Chennai,104,"104 km straight-line, same state; HPL Annexure V puts both in one price point",Inferred Location Match,Approved for Phase 1 (HPL-corroborated),,,,inferred_via_hpl -> Chennai
RANIPET,Tamil Nadu,HPL,Chennai,Tamil Nadu_Chennai,104,"104 km, HPL's own territory list (Annexure V): listed district -> Tamil Nadu_Chennai",Territory Match,Approved for Phase 1,,,,published_map -> Tamil Nadu_Chennai
RANIPET,Tamil Nadu,OPaL,Chennai,Chennai,104,"104 km straight-line, same state; HPL Annexure V puts both in one price point",Inferred Location Match,Approved for Phase 1 (HPL-corroborated),,,,inferred_via_hpl -> Chennai
RATHANGARH,Rajasthan,IOCL,Jaipur,Jaipur,173,"173 km straight-line, same state; HPL puts the town in the same price point as Bhiwadi (220 km); town identity uncertain",Inferred Location Match,Confirm,Bhiwadi (220 km),,HPL puts the town in the same price point as Bhiwadi (220 km); town identity uncertain,unresolved
RATHANGARH,Rajasthan,RIL,Jaipur,JAIPUR,173,"173 km straight-line, same state; HPL puts the town in the same price point as Bhiwadi (220 km); town identity uncertain",Inferred Location Match,Confirm,Bhiwadi (220 km),,HPL puts the town in the same price point as Bhiwadi (220 km); town identity uncertain,unresolved
RATHANGARH,Rajasthan,HMEL,Jaipur,Jaipur,173,"173 km straight-line, same state; runner-up Ajmer (181 km); HPL puts the town in the same price point as Bhiwadi (220 km); town identity uncertain",Inferred Location Match,Confirm,Ajmer (181 km),,runner-up Ajmer (181 km); HPL puts the town in the same price point as Bhiwadi (220 km); town identity uncertain,unresolved
RATHANGARH,Rajasthan,HPL,Bhiwadi,Rajasthan_Bhiwadi,220,"220 km, HPL's own territory list (Annexure V): Churu district -> Rajasthan_Bhiwadi",Territory Match,Approved for Phase 1,,,,unresolved
RATHANGARH,Rajasthan,OPaL,Jaipur,Jaipur,173,"173 km straight-line, same state; HPL puts the town in the same price point as Bhiwadi (220 km); town identity uncertain",Inferred Location Match,Confirm,Bhiwadi (220 km),,HPL puts the town in the same price point as Bhiwadi (220 km); town identity uncertain,unresolved
RATLAM,Madhya Pradesh,IOCL,Indore,Indore,106,"106 km straight-line, same state; HPL Annexure V puts both in one price point",Inferred Location Match,Approved for Phase 1 (HPL-corroborated),,,,inferred_via_hpl -> Indore
RATLAM,Madhya Pradesh,RIL,Indore,INDORE,106,"106 km straight-line, same state; HPL Annexure V puts both in one price point",Inferred Location Match,Approved for Phase 1 (HPL-corroborated),,,,inferred_via_hpl -> INDORE
RATLAM,Madhya Pradesh,HMEL,Indore,Indore,106,"106 km straight-line, same state; HPL Annexure V puts both in one price point",Inferred Location Match,Approved for Phase 1 (HPL-corroborated),,,,inferred_via_hpl -> Indore
RATLAM,Madhya Pradesh,HPL,Indore,Madhya Pradesh_Indore,106,"106 km, HPL's own territory list (Annexure V): listed district -> Madhya Pradesh_Indore",Territory Match,Approved for Phase 1,,,,published_map -> Madhya Pradesh_Indore
RATLAM,Madhya Pradesh,OPaL,Indore,Indore,106,"106 km straight-line, same state; HPL Annexure V puts both in one price point",Inferred Location Match,Approved for Phase 1 (HPL-corroborated),,,,inferred_via_hpl -> Indore
RATNAGARI,Maharashtra,IOCL,Kolhapur,Kolhapur,103,"103 km straight-line, same state; HPL Annexure V puts both in one price point",Inferred Location Match,Approved for Phase 1 (HPL-corroborated),,,,unresolved
RATNAGARI,Maharashtra,RIL,Kolhapur,KOLHAPUR,103,"103 km straight-line, same state; HPL Annexure V puts both in one price point",Inferred Location Match,Approved for Phase 1 (HPL-corroborated),,,,unresolved
RATNAGARI,Maharashtra,HMEL,Kolhapur,Kolhapur,103,"103 km straight-line, same state; HPL Annexure V puts both in one price point",Inferred Location Match,Approved for Phase 1 (HPL-corroborated),,,,unresolved
RATNAGARI,Maharashtra,HPL,Kolhapur,Maharashtra_Kolhapur,103,"103 km, HPL's own territory list (Annexure V): Ratnagiri district -> Maharashtra_Kolhapur",Territory Match,Approved for Phase 1,,,,unresolved
RATNAGARI,Maharashtra,OPaL,Kolhapur,Kolhapur,103,"103 km straight-line, same state; HPL Annexure V puts both in one price point",Inferred Location Match,Approved for Phase 1 (HPL-corroborated),,,,unresolved
REWA,Madhya Pradesh,OPaL,Jabalpur,Jabalpur,204,"204 km straight-line, same state; HPL puts the town in the same price point as Tikamgarh (250 km)",Inferred Location Match,Confirm,Tikamgarh (250 km),,HPL puts the town in the same price point as Tikamgarh (250 km),unresolved
REWARI,Haryana,IOCL,Gurugram,Gurgaon,49,"49 km straight-line, same state; HPL Annexure V puts both in one price point",Inferred Location Match,Approved for Phase 1 (HPL-corroborated),,,,inferred_via_hpl -> Gurgaon
REWARI,Haryana,RIL,Bhiwadi,BHIWADI,24,24 km straight-line; own-state zone is 136 km away; crosses into Rajasthan,Inferred Location Match,Approved for Phase 1,,yes,own-state zone is 136 km away; crosses into Rajasthan,unresolved
REWARI,Haryana,HMEL,Gurugram,Gurgaon,49,"49 km straight-line, same state; HPL Annexure V puts both in one price point",Inferred Location Match,Approved for Phase 1 (HPL-corroborated),,,,inferred_via_hpl -> Gurgaon
REWARI,Haryana,HPL,Gurugram,Haryana_Gurgaon,49,"49 km, HPL's own territory list (Annexure V): listed district -> Haryana_Gurgaon",Territory Match,Approved for Phase 1,,,,published_map -> Haryana_Gurgaon
REWARI,Haryana,OPaL,Gurugram,Gurgaon,49,"49 km straight-line, same state; HPL Annexure V puts both in one price point",Inferred Location Match,Approved for Phase 1 (HPL-corroborated),,,,inferred_via_hpl -> Gurgaon
ROHA,Maharashtra,IOCL,Mumbai,Mumbai,75,"75 km straight-line, same state; HPL Annexure V puts both in one price point",Inferred Location Match,Approved for Phase 1 (HPL-corroborated),,,,unresolved
ROHA,Maharashtra,RIL,Mumbai,MUMBAI,75,"75 km straight-line, same state; HPL Annexure V puts both in one price point",Inferred Location Match,Approved for Phase 1 (HPL-corroborated),,,,unresolved
ROHA,Maharashtra,HMEL,Khalapur,Khalapur,47,"47 km straight-line, same state; HPL Annexure V puts both in one price point",Inferred Location Match,Approved for Phase 1 (HPL-corroborated),,,,unresolved
ROHA,Maharashtra,HPL,Mumbai,Maharashtra_Mumbai,75,"75 km, HPL's own territory list (Annexure V): Raigarh district -> Maharashtra_Mumbai",Territory Match,Approved for Phase 1,,,,unresolved
ROHA,Maharashtra,OPaL,Navi Mumbai,Navi Mumbai,68,"68 km straight-line, same state; HPL Annexure V puts both in one price point",Inferred Location Match,Approved for Phase 1 (HPL-corroborated),,,,unresolved
ROHTAK,Haryana,IOCL,Gurugram,Gurgaon,64,"64 km straight-line, same state; runner-up Panipat (66 km); HPL puts the town in the same price point as Panipat (66 km)",Inferred Location Match,Confirm,Panipat (66 km),,runner-up Panipat (66 km); HPL puts the town in the same price point as Panipat (66 km),inferred_via_hpl -> Panipat
ROHTAK,Haryana,RIL,Panipat,PANIPAT,66,"66 km straight-line, same state; HPL Annexure V puts both in one price point",Inferred Location Match,Approved for Phase 1 (HPL-corroborated),,,,inferred_via_hpl -> PANIPAT
ROHTAK,Haryana,HMEL,Gurugram,Gurgaon,64,"64 km straight-line, same state; runner-up Panipat (66 km); HPL puts the town in the same price point as Panipat (66 km)",Inferred Location Match,Confirm,Panipat (66 km),,runner-up Panipat (66 km); HPL puts the town in the same price point as Panipat (66 km),inferred_via_hpl -> Panipat
ROHTAK,Haryana,HPL,Panipat,Haryana_Panipat,66,"66 km, HPL's own territory list (Annexure V): listed district -> Haryana_Panipat",Territory Match,Approved for Phase 1,,,,published_map -> Haryana_Panipat
ROHTAK,Haryana,OPaL,Gurugram,Gurgaon,64,"64 km straight-line, same state; runner-up Panipat (66 km); HPL puts the town in the same price point as Panipat (66 km)",Inferred Location Match,Confirm,Panipat (66 km),,runner-up Panipat (66 km); HPL puts the town in the same price point as Panipat (66 km),inferred_via_hpl -> Panipat
ROORKEE,Uttarakhand,IOCL,Haridwar,Haridwar,27,"27 km straight-line, same state; HPL Annexure V puts both in one price point",Inferred Location Match,Approved for Phase 1 (HPL-corroborated),,,,unresolved
ROORKEE,Uttarakhand,RIL,Dehradun,DEHRADUN,53,"53 km straight-line, same state; HPL Annexure V puts both in one price point",Inferred Location Match,Approved for Phase 1 (HPL-corroborated),,,,unresolved
ROORKEE,Uttarakhand,HMEL,Dehradun,Dehradun,53,"53 km straight-line, same state; HPL Annexure V puts both in one price point",Inferred Location Match,Approved for Phase 1 (HPL-corroborated),,,,unresolved
ROORKEE,Uttarakhand,HPL,Haridwar,Uttarakhand_Haridwar,27,"27 km, HPL's own territory list (Annexure V): Haridwar district -> Uttarakhand_Haridwar",Territory Match,Approved for Phase 1,,,,unresolved
ROORKEE,Uttarakhand,OPaL,Dehradun,Dehradun,53,"53 km straight-line, same state; HPL Annexure V puts both in one price point",Inferred Location Match,Approved for Phase 1 (HPL-corroborated),,,,unresolved
ROURKELA,Odisha,IOCL,Bargarh,Bargarh,162,"162 km straight-line, same state; HPL Annexure V puts both in one price point",Inferred Location Match,Approved for Phase 1 (HPL-corroborated),,,,unresolved
ROURKELA,Odisha,RIL,Bargarh,BARGARH,162,"162 km straight-line, same state; HPL Annexure V puts both in one price point",Inferred Location Match,Approved for Phase 1 (HPL-corroborated),,,,unresolved
ROURKELA,Odisha,HMEL,Bargarh,Bargarh,162,"162 km straight-line, same state; HPL Annexure V puts both in one price point",Inferred Location Match,Approved for Phase 1 (HPL-corroborated),,,,unresolved
ROURKELA,Odisha,HPL,Bargarh,Orissa_Bargarh,162,"162 km, HPL's own territory list (Annexure V): Sundargarh district -> Orissa_Bargarh",Territory Match,Approved for Phase 1,,,,unresolved
ROURKELA,Odisha,OPaL,Bargarh,Bargarh,162,"162 km straight-line, same state; HPL Annexure V puts both in one price point",Inferred Location Match,Approved for Phase 1 (HPL-corroborated),,,,unresolved
RUDERPUR,Uttarakhand,IOCL,Rudrapur,Udham Singh Nagar,0,"same place, different label/spelling (0 km)",Inferred Location Match,Approved for Phase 1,,,,unresolved
RUDERPUR,Uttarakhand,RIL,Rudrapur,RUDRAPUR,0,"same place, different label/spelling (0 km)",Inferred Location Match,Approved for Phase 1,,,,unresolved
RUDERPUR,Uttarakhand,HMEL,Rudrapur,Rudrapur,0,"same place, different label/spelling (0 km)",Inferred Location Match,Approved for Phase 1,,,,unresolved
RUDERPUR,Uttarakhand,HPL,Sitarganj,Uttarakhand_Sitarganj,30,"30 km, HPL's own territory list (Annexure V): Udham Singh Nagar district -> Uttarakhand_Sitarganj",Territory Match,Approved for Phase 1,,,,unresolved
RUDERPUR,Uttarakhand,OPaL,Rudrapur,Rudrapur,0,"same place, different label/spelling (0 km)",Inferred Location Match,Approved for Phase 1,,,,unresolved
SAHARANPUR,Uttar Pradesh,IOCL,Noida,Gautam Budh nagar,156,"156 km straight-line, same state; HPL Annexure V puts both in one price point",Inferred Location Match,Approved for Phase 1 (HPL-corroborated),,,,unresolved
SAHARANPUR,Uttar Pradesh,RIL,Dehradun,DEHRADUN,61,61 km straight-line; own-state zone is 313 km away; crosses into Uttarakhand,Inferred Location Match,Approved for Phase 1,,yes,own-state zone is 313 km away; crosses into Uttarakhand,unresolved
SAHARANPUR,Uttar Pradesh,HPL,Noida,Uttar Pradesh_Noida,156,"156 km, HPL's own territory list (Annexure V): listed district -> Uttar Pradesh_Noida",Territory Match,Approved for Phase 1,,,,published_map -> Uttar Pradesh_Noida
SALEM,Tamil Nadu,HMEL,Karur,Karur,78,"78 km straight-line, same state; HPL puts the town in the same price point as Coimbatore (148 km)",Inferred Location Match,Confirm,Coimbatore (148 km),,HPL puts the town in the same price point as Coimbatore (148 km),inferred_via_hpl -> Coimbatore
SALEM,Tamil Nadu,HPL,Coimbatore,Tamil Nadu_Coimbatore,148,"148 km, HPL's own territory list (Annexure V): listed district -> Tamil Nadu_Coimbatore",Territory Match,Approved for Phase 1,,,,published_map -> Tamil Nadu_Coimbatore
SAMBALPUR,Odisha,IOCL,Bargarh,Bargarh,40,"40 km straight-line, same state; HPL Annexure V puts both in one price point",Inferred Location Match,Approved for Phase 1 (HPL-corroborated),,,,inferred_via_hpl -> Bargarh
SAMBALPUR,Odisha,RIL,Bargarh,BARGARH,40,"40 km straight-line, same state; HPL Annexure V puts both in one price point",Inferred Location Match,Approved for Phase 1 (HPL-corroborated),,,,inferred_via_hpl -> BARGARH
SAMBALPUR,Odisha,HMEL,Bargarh,Bargarh,40,"40 km straight-line, same state; HPL Annexure V puts both in one price point",Inferred Location Match,Approved for Phase 1 (HPL-corroborated),,,,inferred_via_hpl -> Bargarh
SAMBALPUR,Odisha,HPL,Bargarh,Orissa_Bargarh,40,"40 km, HPL's own territory list (Annexure V): listed district -> Orissa_Bargarh",Territory Match,Approved for Phase 1,,,,published_map -> Orissa_Bargarh
SAMBALPUR,Odisha,OPaL,Bargarh,Bargarh,40,"40 km straight-line, same state; HPL Annexure V puts both in one price point",Inferred Location Match,Approved for Phase 1 (HPL-corroborated),,,,inferred_via_hpl -> Bargarh
SAMPLA,Haryana,IOCL,Gurugram,Gurgaon,43,"43 km straight-line, same state; HPL puts the town in the same price point as Panipat (70 km)",Inferred Location Match,Confirm,Panipat (70 km),,HPL puts the town in the same price point as Panipat (70 km),unresolved
SAMPLA,Haryana,RIL,Panipat,PANIPAT,70,"70 km straight-line, same state; HPL Annexure V puts both in one price point",Inferred Location Match,Approved for Phase 1 (HPL-corroborated),,,,unresolved
SAMPLA,Haryana,HMEL,Gurugram,Gurgaon,43,"43 km straight-line, same state; HPL puts the town in the same price point as Panipat (70 km)",Inferred Location Match,Confirm,Panipat (70 km),,HPL puts the town in the same price point as Panipat (70 km),unresolved
SAMPLA,Haryana,HPL,Panipat,Haryana_Panipat,70,"70 km, HPL's own territory list (Annexure V): Rohtak district -> Haryana_Panipat",Territory Match,Approved for Phase 1,,,,unresolved
SAMPLA,Haryana,OPaL,Gurugram,Gurgaon,43,"43 km straight-line, same state; HPL puts the town in the same price point as Panipat (70 km)",Inferred Location Match,Confirm,Panipat (70 km),,HPL puts the town in the same price point as Panipat (70 km),unresolved
SANAND,Gujarat,IOCL,Ahmedabad,Ahmedabad,21,"21 km straight-line, same state; HPL Annexure V puts both in one price point",Inferred Location Match,Approved for Phase 1 (HPL-corroborated),,,,unresolved
SANAND,Gujarat,RIL,Ahmedabad,AHMEDABAD,21,"21 km straight-line, same state; HPL Annexure V puts both in one price point",Inferred Location Match,Approved for Phase 1 (HPL-corroborated),,,,unresolved
SANAND,Gujarat,HMEL,Ahmedabad,Ahmedabad,21,"21 km straight-line, same state; HPL Annexure V puts both in one price point",Inferred Location Match,Approved for Phase 1 (HPL-corroborated),,,,unresolved
SANAND,Gujarat,HPL,Ahmedabad,Gujarat_Ahmedabad,21,"21 km, HPL's own territory list (Annexure V): Ahmedabad district -> Gujarat_Ahmedabad",Territory Match,Approved for Phase 1,,,,unresolved
SANAND,Gujarat,OPaL,Ahmedabad,Ahmedabad,21,"21 km straight-line, same state; HPL Annexure V puts both in one price point",Inferred Location Match,Approved for Phase 1 (HPL-corroborated),,,,unresolved
SANGLI,Maharashtra,IOCL,Kolhapur,Kolhapur,40,"40 km straight-line, same state; HPL Annexure V puts both in one price point",Inferred Location Match,Approved for Phase 1 (HPL-corroborated),,,,inferred_via_hpl -> Kolhapur
SANGLI,Maharashtra,RIL,Kolhapur,KOLHAPUR,40,"40 km straight-line, same state; HPL Annexure V puts both in one price point",Inferred Location Match,Approved for Phase 1 (HPL-corroborated),,,,inferred_via_hpl -> KOLHAPUR
SANGLI,Maharashtra,HMEL,Kolhapur,Kolhapur,40,"40 km straight-line, same state; HPL Annexure V puts both in one price point",Inferred Location Match,Approved for Phase 1 (HPL-corroborated),,,,inferred_via_hpl -> Kolhapur
SANGLI,Maharashtra,HPL,Kolhapur,Maharashtra_Kolhapur,40,"40 km, HPL's own territory list (Annexure V): listed district -> Maharashtra_Kolhapur",Territory Match,Approved for Phase 1,,,,published_map -> Maharashtra_Kolhapur
SANGLI,Maharashtra,OPaL,Kolhapur,Kolhapur,40,"40 km straight-line, same state; HPL Annexure V puts both in one price point",Inferred Location Match,Approved for Phase 1 (HPL-corroborated),,,,inferred_via_hpl -> Kolhapur
SANSARPUR TERRACE,Himachal Pradesh,IOCL,Una,Una,62,"62 km straight-line, same state; HPL puts the town in the same price point as Solan (161 km); town identity uncertain",Inferred Location Match,Confirm,Solan (161 km),,HPL puts the town in the same price point as Solan (161 km); town identity uncertain,unresolved
SANSARPUR TERRACE,Himachal Pradesh,RIL,Baddi,BADDI,137,"137 km straight-line, same state; town identity uncertain",Inferred Location Match,Confirm,,,town identity uncertain,unresolved
SANSARPUR TERRACE,Himachal Pradesh,HMEL,Baddi,Baddi,137,"137 km straight-line, same state; town identity uncertain",Inferred Location Match,Confirm,,,town identity uncertain,unresolved
SANSARPUR TERRACE,Himachal Pradesh,HPL,Baddi,Himachal Pradesh_Baddi,137,"137 km, HPL's own territory list (Annexure V): Kāngra district -> Himachal Pradesh_Baddi",Territory Match,Approved for Phase 1,,,,unresolved
SANSARPUR TERRACE,Himachal Pradesh,OPaL,Baddi,Baddi,137,"137 km straight-line, same state; town identity uncertain",Inferred Location Match,Confirm,,,town identity uncertain,unresolved
SANTEJ,Gujarat,IOCL,Ahmedabad,Ahmedabad,15,"15 km straight-line, same state; HPL Annexure V puts both in one price point",Inferred Location Match,Approved for Phase 1 (HPL-corroborated),,,,unresolved
SANTEJ,Gujarat,RIL,Ahmedabad,AHMEDABAD,15,"15 km straight-line, same state; HPL Annexure V puts both in one price point",Inferred Location Match,Approved for Phase 1 (HPL-corroborated),,,,unresolved
SANTEJ,Gujarat,HMEL,Ahmedabad,Ahmedabad,15,"15 km straight-line, same state; HPL Annexure V puts both in one price point",Inferred Location Match,Approved for Phase 1 (HPL-corroborated),,,,unresolved
SANTEJ,Gujarat,HPL,Ahmedabad,Gujarat_Ahmedabad,15,"15 km, HPL's own territory list (Annexure V): Gāndhīnagar district -> Gujarat_Ahmedabad",Territory Match,Approved for Phase 1,,,,unresolved
SANTEJ,Gujarat,OPaL,Ahmedabad,Ahmedabad,15,"15 km straight-line, same state; HPL Annexure V puts both in one price point",Inferred Location Match,Approved for Phase 1 (HPL-corroborated),,,,unresolved
SATARA,Maharashtra,IOCL,Pune,Pune,94,"94 km straight-line, same state; HPL puts the town in the same price point as Kolhapur (113 km)",Inferred Location Match,Confirm,Kolhapur (113 km),,HPL puts the town in the same price point as Kolhapur (113 km),inferred_via_hpl -> Kolhapur
SATARA,Maharashtra,HMEL,Pune,Pune,94,"94 km straight-line, same state; HPL puts the town in the same price point as Kolhapur (113 km)",Inferred Location Match,Confirm,Kolhapur (113 km),,HPL puts the town in the same price point as Kolhapur (113 km),inferred_via_hpl -> Kolhapur
SATARA,Maharashtra,HPL,Kolhapur,Maharashtra_Kolhapur,113,"113 km, HPL's own territory list (Annexure V): listed district -> Maharashtra_Kolhapur",Territory Match,Approved for Phase 1,,,,published_map -> Maharashtra_Kolhapur
SATARA,Maharashtra,OPaL,Pune,Pune,94,"94 km straight-line, same state; HPL puts the town in the same price point as Kolhapur (113 km)",Inferred Location Match,Confirm,Kolhapur (113 km),,HPL puts the town in the same price point as Kolhapur (113 km),inferred_via_hpl -> Kolhapur
SATNA,Madhya Pradesh,IOCL,Rewa,Rewa,47,"47 km straight-line, same state; HPL Annexure V puts both in one price point",Inferred Location Match,Approved for Phase 1 (HPL-corroborated),,,,inferred_via_hpl -> Rewa
SATNA,Madhya Pradesh,RIL,Rewa,REWA,47,"47 km straight-line, same state; HPL Annexure V puts both in one price point",Inferred Location Match,Approved for Phase 1 (HPL-corroborated),,,,inferred_via_hpl -> REWA
SATNA,Madhya Pradesh,HMEL,Rewa,Rewa,47,"47 km straight-line, same state; HPL Annexure V puts both in one price point",Inferred Location Match,Approved for Phase 1 (HPL-corroborated),,,,inferred_via_hpl -> Rewa
SATNA,Madhya Pradesh,HPL,Rewa,Madhya Pradesh_Rewa,47,"47 km, HPL's own territory list (Annexure V): listed district -> Madhya Pradesh_Rewa",Territory Match,Approved for Phase 1,,,,published_map -> Madhya Pradesh_Rewa
SATNA,Madhya Pradesh,OPaL,Jabalpur,Jabalpur,180,"180 km straight-line, same state; runner-up Tikamgarh (203 km); HPL puts the town in the same price point as Tikamgarh (203 km)",Inferred Location Match,Confirm,Tikamgarh (203 km),,runner-up Tikamgarh (203 km); HPL puts the town in the same price point as Tikamgarh (203 km),unresolved
SAVLI,Gujarat,IOCL,Vadodara,Vadodara,29,"29 km straight-line, same state; HPL Annexure V puts both in one price point",Inferred Location Match,Approved for Phase 1 (HPL-corroborated),,,,unresolved
SAVLI,Gujarat,RIL,Vadodara,BARODA,29,"29 km straight-line, same state; HPL Annexure V puts both in one price point",Inferred Location Match,Approved for Phase 1 (HPL-corroborated),,,,unresolved
SAVLI,Gujarat,HMEL,Vadodara,Vadodara,29,"29 km straight-line, same state; HPL Annexure V puts both in one price point",Inferred Location Match,Approved for Phase 1 (HPL-corroborated),,,,unresolved
SAVLI,Gujarat,HPL,Vadodara,Gujarat_Vadodara,29,"29 km, HPL's own territory list (Annexure V): Vadodara district -> Gujarat_Vadodara",Territory Match,Approved for Phase 1,,,,unresolved
SAVLI,Gujarat,OPaL,Vadodara,Vadodara,29,"29 km straight-line, same state; HPL Annexure V puts both in one price point",Inferred Location Match,Approved for Phase 1 (HPL-corroborated),,,,unresolved
SHAJAPUR,Madhya Pradesh,IOCL,Indore,Indore,91,"91 km straight-line, same state; HPL puts the town in the same price point as Bhopal (116 km)",Inferred Location Match,Confirm,Bhopal (116 km),,HPL puts the town in the same price point as Bhopal (116 km),inferred_via_hpl -> Bhopal
SHAJAPUR,Madhya Pradesh,RIL,Indore,INDORE,91,"91 km straight-line, same state; HPL puts the town in the same price point as Bhopal (116 km)",Inferred Location Match,Confirm,Bhopal (116 km),,HPL puts the town in the same price point as Bhopal (116 km),inferred_via_hpl -> BHOPAL
SHAJAPUR,Madhya Pradesh,HMEL,Indore,Indore,91,"91 km straight-line, same state; HPL puts the town in the same price point as Bhopal (116 km)",Inferred Location Match,Confirm,Bhopal (116 km),,HPL puts the town in the same price point as Bhopal (116 km),inferred_via_hpl -> Bhopal
SHAJAPUR,Madhya Pradesh,HPL,Bhopal,Madhya Pradesh_Bhopal,116,"116 km, HPL's own territory list (Annexure V): listed district -> Madhya Pradesh_Bhopal",Territory Match,Approved for Phase 1,,,,published_map -> Madhya Pradesh_Bhopal
SHAJAPUR,Madhya Pradesh,OPaL,Indore,Indore,91,"91 km straight-line, same state; HPL puts the town in the same price point as Bhopal (116 km)",Inferred Location Match,Confirm,Bhopal (116 km),,HPL puts the town in the same price point as Bhopal (116 km),inferred_via_hpl -> Bhopal
SHILLONG,Meghalaya,IOCL,Guwahati,Guwahati,70,70 km straight-line; crosses into Assam,Inferred Location Match,Approved for Phase 1,,yes,crosses into Assam,unresolved
SHILLONG,Meghalaya,RIL,Guwahati,GUWAHATI,70,70 km straight-line; crosses into Assam,Inferred Location Match,Approved for Phase 1,,yes,crosses into Assam,unresolved
SHILLONG,Meghalaya,HMEL,Guwahati,Guwahati,70,70 km straight-line; crosses into Assam,Inferred Location Match,Approved for Phase 1,,yes,crosses into Assam,unresolved
SHILLONG,Meghalaya,HPL,NE states (state-wide zone),Meghalaya & NE States,,zone covers all of Meghalaya,Territory Match,Approved for Phase 1,,,,unresolved
SHILLONG,Meghalaya,OPaL,Barni Hat,Byrnihat,53,"53 km straight-line, same state",Inferred Location Match,Approved for Phase 1,,,,unresolved
SHIMOGA,Karnataka,IOCL,Mangaluru,Mangalore,137,"137 km straight-line, same state; HPL Annexure V puts both in one price point",Inferred Location Match,Approved for Phase 1 (HPL-corroborated),,,,inferred_via_hpl -> Mangalore
SHIMOGA,Karnataka,RIL,Mangaluru,MANGALORE,137,"137 km straight-line, same state; HPL Annexure V puts both in one price point",Inferred Location Match,Approved for Phase 1 (HPL-corroborated),,,,inferred_via_hpl -> MANGALORE
SHIMOGA,Karnataka,HMEL,Mangaluru,Mangalore,137,"137 km straight-line, same state; HPL Annexure V puts both in one price point",Inferred Location Match,Approved for Phase 1 (HPL-corroborated),,,,inferred_via_hpl -> Mangalore
SHIMOGA,Karnataka,HPL,Mangaluru,Karnataka_Mangalore,137,"137 km, HPL's own territory list (Annexure V): listed district -> Karnataka_Mangalore",Territory Match,Approved for Phase 1,,,,published_map -> Karnataka_Mangalore
SHIMOGA,Karnataka,OPaL,Mangaluru,Mangalore,137,"137 km straight-line, same state; HPL Annexure V puts both in one price point",Inferred Location Match,Approved for Phase 1 (HPL-corroborated),,,,inferred_via_hpl -> Mangalore
SHIVPURI,Madhya Pradesh,IOCL,Gwalior,Gwalior,103,"103 km straight-line, same state; HPL Annexure V puts both in one price point",Inferred Location Match,Approved for Phase 1 (HPL-corroborated),,,,inferred_via_hpl -> Gwalior
SHIVPURI,Madhya Pradesh,RIL,Gwalior,GWALIOR,103,"103 km straight-line, same state; HPL Annexure V puts both in one price point",Inferred Location Match,Approved for Phase 1 (HPL-corroborated),,,,inferred_via_hpl -> GWALIOR
SHIVPURI,Madhya Pradesh,HMEL,Gwalior,Gwalior,103,"103 km straight-line, same state; HPL Annexure V puts both in one price point",Inferred Location Match,Approved for Phase 1 (HPL-corroborated),,,,inferred_via_hpl -> Gwalior
SHIVPURI,Madhya Pradesh,HPL,Gwalior,Madhya Pradesh_Gwalior,103,"103 km, HPL's own territory list (Annexure V): listed district -> Madhya Pradesh_Gwalior",Territory Match,Approved for Phase 1,,,,published_map -> Madhya Pradesh_Gwalior
SHIVPURI,Madhya Pradesh,OPaL,Gwalior,Gwalior,103,"103 km straight-line, same state; HPL Annexure V puts both in one price point",Inferred Location Match,Approved for Phase 1 (HPL-corroborated),,,,inferred_via_hpl -> Gwalior
SIKAR,Rajasthan,IOCL,Jaipur,Jaipur,100,"100 km straight-line, same state; HPL Annexure V puts both in one price point",Inferred Location Match,Approved for Phase 1 (HPL-corroborated),,,,inferred_via_hpl -> Jaipur
SIKAR,Rajasthan,RIL,Jaipur,JAIPUR,100,"100 km straight-line, same state; HPL Annexure V puts both in one price point",Inferred Location Match,Approved for Phase 1 (HPL-corroborated),,,,inferred_via_hpl -> JAIPUR
SIKAR,Rajasthan,HMEL,Jaipur,Jaipur,100,"100 km straight-line, same state; HPL Annexure V puts both in one price point",Inferred Location Match,Approved for Phase 1 (HPL-corroborated),,,,inferred_via_hpl -> Jaipur
SIKAR,Rajasthan,HPL,Jaipur,Rajasthan_Jaipur,100,"100 km, HPL's own territory list (Annexure V): listed district -> Rajasthan_Jaipur",Territory Match,Approved for Phase 1,,,,published_map -> Rajasthan_Jaipur
SIKAR,Rajasthan,OPaL,Jaipur,Jaipur,100,"100 km straight-line, same state; HPL Annexure V puts both in one price point",Inferred Location Match,Approved for Phase 1 (HPL-corroborated),,,,inferred_via_hpl -> Jaipur
SILCHAR,Assam,IOCL,Guwahati,Guwahati,184,"184 km straight-line, same state",Inferred Location Match,Confirm,,,,unresolved
SILCHAR,Assam,RIL,Guwahati,GUWAHATI,184,"184 km straight-line, same state",Inferred Location Match,Confirm,,,,unresolved
SILCHAR,Assam,HMEL,Guwahati,Guwahati,184,"184 km straight-line, same state",Inferred Location Match,Confirm,,,,unresolved
SILCHAR,Assam,HPL,Assam (state-wide zone),Assam,,zone covers all of Assam,Territory Match,Approved for Phase 1,,,,unresolved
SILCHAR,Assam,OPaL,Guwahati,Guwahati,184,"184 km straight-line, same state",Inferred Location Match,Confirm,,,,unresolved
SILIGUDI,West Bengal,IOCL,Jalpaiguri,Jalpaiguri,37,"37 km straight-line, same state; HPL Annexure V puts both in one price point",Inferred Location Match,Approved for Phase 1 (HPL-corroborated),,,,unresolved
SILIGUDI,West Bengal,RIL,Jalpaiguri,JALPAIGURI,37,"37 km straight-line, same state; HPL Annexure V puts both in one price point",Inferred Location Match,Approved for Phase 1 (HPL-corroborated),,,,unresolved
SILIGUDI,West Bengal,HMEL,Siliguri,Siliguri,0,"same place, different label/spelling (0 km)",Inferred Location Match,Approved for Phase 1,,,,unresolved
SILIGUDI,West Bengal,HPL,Siliguri,West Bengal_Siliguri,0,"0 km, HPL's own territory list (Annexure V): Darjeeling district -> West Bengal_Siliguri",Territory Match,Approved for Phase 1,,,,unresolved
SILIGUDI,West Bengal,OPaL,Jalpaiguri,Jalpaiguri,37,"37 km straight-line, same state; HPL Annexure V puts both in one price point",Inferred Location Match,Approved for Phase 1 (HPL-corroborated),,,,unresolved
SILVASSA / DADRA & NAGAR HAVELI,Dadra and Nagar Haveli and Daman and Diu,HPL,Silvassa,Dadra,0,"0 km, HPL's own territory list (Annexure V): listed district -> Dadra",Territory Match,Approved for Phase 1,,,,published_map -> Dadra
SIROHI,Rajasthan,IOCL,Udaipur,Udaipur,94,"94 km straight-line, same state; HPL Annexure V puts both in one price point",Inferred Location Match,Approved for Phase 1 (HPL-corroborated),,,,unresolved
SIROHI,Rajasthan,RIL,Udaipur,UDAIPUR,94,"94 km straight-line, same state; HPL Annexure V puts both in one price point",Inferred Location Match,Approved for Phase 1 (HPL-corroborated),,,,inferred_via_hpl -> KOTA
SIROHI,Rajasthan,HMEL,Udaipur,Udaipur,94,"94 km straight-line, same state; HPL Annexure V puts both in one price point",Inferred Location Match,Approved for Phase 1 (HPL-corroborated),,,,unresolved
SIROHI,Rajasthan,HPL,Kota,Rajasthan_Kota,303,"303 km, HPL's own territory list (Annexure V): listed district -> Rajasthan_Kota",Territory Match,Approved for Phase 1,,,,published_map -> Rajasthan_Kota
SIROHI,Rajasthan,OPaL,Udaipur,Udaipur,94,"94 km straight-line, same state; HPL Annexure V puts both in one price point",Inferred Location Match,Approved for Phase 1 (HPL-corroborated),,,,inferred_via_hpl -> Kota
SIRSA,Haryana,IOCL,Panipat,Panipat,188,"188 km straight-line, same state; HPL Annexure V puts both in one price point",Inferred Location Match,Approved for Phase 1 (HPL-corroborated),,,,inferred_via_hpl -> Panipat
SIRSA,Haryana,RIL,Panipat,PANIPAT,188,"188 km straight-line, same state; HPL Annexure V puts both in one price point",Inferred Location Match,Approved for Phase 1 (HPL-corroborated),,,,inferred_via_hpl -> PANIPAT
SIRSA,Haryana,HMEL,Panipat,Panipat,188,"188 km straight-line, same state; HPL Annexure V puts both in one price point",Inferred Location Match,Approved for Phase 1 (HPL-corroborated),,,,inferred_via_hpl -> Panipat
SIRSA,Haryana,HPL,Panipat,Haryana_Panipat,188,"188 km, HPL's own territory list (Annexure V): listed district -> Haryana_Panipat",Territory Match,Approved for Phase 1,,,,published_map -> Haryana_Panipat
SIRSA,Haryana,OPaL,Panipat,Panipat,188,"188 km straight-line, same state; HPL Annexure V puts both in one price point",Inferred Location Match,Approved for Phase 1 (HPL-corroborated),,,,inferred_via_hpl -> Panipat
SITARGANJ,Uttarakhand,IOCL,Rudrapur,Udham Singh Nagar,30,"30 km straight-line, same state; HPL Annexure V puts both in one price point",Inferred Location Match,Approved for Phase 1 (HPL-corroborated),,,,unresolved
SITARGANJ,Uttarakhand,RIL,Rudrapur,RUDRAPUR,30,"30 km straight-line, same state; HPL Annexure V puts both in one price point",Inferred Location Match,Approved for Phase 1 (HPL-corroborated),,,,unresolved
SITARGANJ,Uttarakhand,HMEL,Rudrapur,Rudrapur,30,"30 km straight-line, same state; HPL Annexure V puts both in one price point",Inferred Location Match,Approved for Phase 1 (HPL-corroborated),,,,unresolved
SITARGANJ,Uttarakhand,OPaL,Rudrapur,Rudrapur,30,"30 km straight-line, same state; HPL Annexure V puts both in one price point",Inferred Location Match,Approved for Phase 1 (HPL-corroborated),,,,unresolved
SIVAKASI,Tamil Nadu,IOCL,Madurai,Madurai,63,"63 km straight-line, same state; HPL Annexure V puts both in one price point",Inferred Location Match,Approved for Phase 1 (HPL-corroborated),,,,unresolved
SIVAKASI,Tamil Nadu,RIL,Madurai,MADURAI,63,"63 km straight-line, same state; HPL Annexure V puts both in one price point",Inferred Location Match,Approved for Phase 1 (HPL-corroborated),,,,unresolved
SIVAKASI,Tamil Nadu,HMEL,Madurai,Madurai,63,"63 km straight-line, same state; HPL Annexure V puts both in one price point",Inferred Location Match,Approved for Phase 1 (HPL-corroborated),,,,unresolved
SIVAKASI,Tamil Nadu,HPL,Madurai,Tamil Nadu_Madurai,63,"63 km, HPL's own territory list (Annexure V): Virudhunagar district -> Tamil Nadu_Madurai",Territory Match,Approved for Phase 1,,,,unresolved
SIVAKASI,Tamil Nadu,OPaL,Madurai,Madurai,63,"63 km straight-line, same state; HPL Annexure V puts both in one price point",Inferred Location Match,Approved for Phase 1 (HPL-corroborated),,,,unresolved
SIVSAGAR,Assam,IOCL,Guwahati,Guwahati,301,"301 km straight-line, same state; approx. town location",Inferred Location Match,No replacement,,,approx. town location,unresolved
SIVSAGAR,Assam,RIL,Guwahati,GUWAHATI,301,"301 km straight-line, same state; approx. town location",Inferred Location Match,No replacement,,,approx. town location,unresolved
SIVSAGAR,Assam,HMEL,Guwahati,Guwahati,301,"301 km straight-line, same state; approx. town location",Inferred Location Match,No replacement,,,approx. town location,unresolved
SIVSAGAR,Assam,HPL,Assam (state-wide zone),Assam,,zone covers all of Assam,Territory Match,Approved for Phase 1,,,,unresolved
SIVSAGAR,Assam,OPaL,Barni Hat,Byrnihat,294,294 km straight-line; own-state zone is 301 km away; runner-up Guwahati (301 km); crosses into Meghalaya; approx. town location,Inferred Location Match,No replacement,Guwahati (301 km),yes,own-state zone is 301 km away; runner-up Guwahati (301 km); crosses into Meghalaya; approx. town location,unresolved
SOHAGPUR,Madhya Pradesh,IOCL,Bhopal,Bhopal,102,"102 km straight-line, same state; HPL Annexure V puts both in one price point",Inferred Location Match,Approved for Phase 1 (HPL-corroborated),,,,unresolved
SOHAGPUR,Madhya Pradesh,RIL,Bhopal,BHOPAL,102,"102 km straight-line, same state; HPL Annexure V puts both in one price point",Inferred Location Match,Approved for Phase 1 (HPL-corroborated),,,,unresolved
SOHAGPUR,Madhya Pradesh,HMEL,Bhopal,Bhopal,102,"102 km straight-line, same state; HPL Annexure V puts both in one price point",Inferred Location Match,Approved for Phase 1 (HPL-corroborated),,,,unresolved
SOHAGPUR,Madhya Pradesh,HPL,Bhopal,Madhya Pradesh_Bhopal,102,"102 km, HPL's own territory list (Annexure V): Narmadapuram district -> Madhya Pradesh_Bhopal",Territory Match,Approved for Phase 1,,,,unresolved
SOHAGPUR,Madhya Pradesh,OPaL,Bhopal,Bhopal,102,"102 km straight-line, same state; HPL Annexure V puts both in one price point",Inferred Location Match,Approved for Phase 1 (HPL-corroborated),,,,unresolved
SOLAN,Himachal Pradesh,RIL,Baddi,BADDI,31,"31 km straight-line, same state; HPL Annexure V puts both in one price point",Inferred Location Match,Approved for Phase 1 (HPL-corroborated),,,,inferred_via_hpl -> BADDI
SOLAN,Himachal Pradesh,HMEL,Baddi,Baddi,31,"31 km straight-line, same state; HPL Annexure V puts both in one price point",Inferred Location Match,Approved for Phase 1 (HPL-corroborated),,,,inferred_via_hpl -> Baddi
SOLAN,Himachal Pradesh,HPL,Baddi,Himachal Pradesh_Baddi,31,"31 km, HPL's own territory list (Annexure V): listed district -> Himachal Pradesh_Baddi",Territory Match,Approved for Phase 1,,,,published_map -> Himachal Pradesh_Baddi
SOLAN,Himachal Pradesh,OPaL,Baddi,Baddi,31,"31 km straight-line, same state; HPL Annexure V puts both in one price point",Inferred Location Match,Approved for Phase 1 (HPL-corroborated),,,,inferred_via_hpl -> Baddi
SOLAPUR,Maharashtra,IOCL,Kolhapur,Kolhapur,209,"209 km straight-line, same state; HPL Annexure V puts both in one price point",Inferred Location Match,Approved for Phase 1 (HPL-corroborated),,,,inferred_via_hpl -> Kolhapur
SOLAPUR,Maharashtra,HMEL,Kolhapur,Kolhapur,209,"209 km straight-line, same state; HPL Annexure V puts both in one price point",Inferred Location Match,Approved for Phase 1 (HPL-corroborated),,,,inferred_via_hpl -> Kolhapur
SOLAPUR,Maharashtra,HPL,Kolhapur,Maharashtra_Kolhapur,209,"209 km, HPL's own territory list (Annexure V): listed district -> Maharashtra_Kolhapur",Territory Match,Approved for Phase 1,,,,published_map -> Maharashtra_Kolhapur
SONEPAT,Haryana,IOCL,Panipat,Panipat,44,"44 km straight-line, same state; HPL Annexure V puts both in one price point",Inferred Location Match,Approved for Phase 1 (HPL-corroborated),,,,unresolved
SONEPAT,Haryana,RIL,Panipat,PANIPAT,44,"44 km straight-line, same state; HPL Annexure V puts both in one price point",Inferred Location Match,Approved for Phase 1 (HPL-corroborated),,,,unresolved
SONEPAT,Haryana,HMEL,Panipat,Panipat,44,"44 km straight-line, same state; HPL Annexure V puts both in one price point",Inferred Location Match,Approved for Phase 1 (HPL-corroborated),,,,unresolved
SONEPAT,Haryana,HPL,Panipat,Haryana_Panipat,44,"44 km, HPL's own territory list (Annexure V): Sonīpat district -> Haryana_Panipat",Territory Match,Approved for Phase 1,,,,unresolved
SONEPAT,Haryana,OPaL,Panipat,Panipat,44,"44 km straight-line, same state; HPL Annexure V puts both in one price point",Inferred Location Match,Approved for Phase 1 (HPL-corroborated),,,,unresolved
SRIGANGANAGAR,Rajasthan,IOCL,Bhiwadi,Alwar (Bhiwadi),347,"347 km straight-line, same state; HPL Annexure V puts both in one price point",Inferred Location Match,Approved for Phase 1 (HPL-corroborated),,,,unresolved
SRIGANGANAGAR,Rajasthan,RIL,Bhiwadi,BHIWADI,347,"347 km straight-line, same state; HPL Annexure V puts both in one price point",Inferred Location Match,Approved for Phase 1 (HPL-corroborated),,,,unresolved
SRIGANGANAGAR,Rajasthan,HMEL,Bhiwadi,Bhiwadi,347,"347 km straight-line, same state; HPL Annexure V puts both in one price point",Inferred Location Match,Approved for Phase 1 (HPL-corroborated),,,,unresolved
SRIGANGANAGAR,Rajasthan,HPL,Bhiwadi,Rajasthan_Bhiwadi,347,"347 km, HPL's own territory list (Annexure V): Gangānagar district -> Rajasthan_Bhiwadi",Territory Match,Approved for Phase 1,,,,unresolved
SRIGANGANAGAR,Rajasthan,OPaL,Bhiwadi,Bhiwadi,347,"347 km straight-line, same state; HPL Annexure V puts both in one price point",Inferred Location Match,Approved for Phase 1 (HPL-corroborated),,,,unresolved
SRIKAKULAM,Andhra Pradesh,IOCL,Visakhapatnam,Visak,101,"101 km straight-line, same state; HPL Annexure V puts both in one price point",Inferred Location Match,Approved for Phase 1 (HPL-corroborated),,,,inferred_via_hpl -> Visak
SRIKAKULAM,Andhra Pradesh,RIL,Visakhapatnam,VISHAKAPATNAM,101,"101 km straight-line, same state; HPL Annexure V puts both in one price point",Inferred Location Match,Approved for Phase 1 (HPL-corroborated),,,,unresolved
SRIKAKULAM,Andhra Pradesh,HMEL,Visakhapatnam,Vishakapatnam,101,"101 km straight-line, same state; HPL Annexure V puts both in one price point",Inferred Location Match,Approved for Phase 1 (HPL-corroborated),,,,unresolved
SRIKAKULAM,Andhra Pradesh,HPL,Visakhapatnam,Andhra Pradesh_Vizag,101,"101 km, HPL's own territory list (Annexure V): listed district -> Andhra Pradesh_Vizag",Territory Match,Approved for Phase 1,,,,published_map -> Andhra Pradesh_Vizag
SRIKAKULAM,Andhra Pradesh,OPaL,Visakhapatnam,Vishakhapatnam,101,"101 km straight-line, same state; HPL Annexure V puts both in one price point",Inferred Location Match,Approved for Phase 1 (HPL-corroborated),,,,unresolved
SRINAGAR,Jammu and Kashmir,IOCL,Jammu,Jammu,150,"150 km straight-line, same state; HPL Annexure V puts both in one price point",Inferred Location Match,Approved for Phase 1 (HPL-corroborated),,,,inferred_via_hpl -> Jammu
SRINAGAR,Jammu and Kashmir,HMEL,Jammu,Jammu,150,"150 km straight-line, same state; HPL Annexure V puts both in one price point",Inferred Location Match,Approved for Phase 1 (HPL-corroborated),,,,inferred_via_hpl -> Jammu
SRINAGAR,Jammu and Kashmir,HPL,Jammu,J&K_Jammu,150,"150 km, HPL's own territory list (Annexure V): listed district -> J&K_Jammu",Territory Match,Approved for Phase 1,,,,published_map -> J&K_Jammu
SURENDRANAGAR,Gujarat,IOCL,Rajkot,Rajkot,100,"100 km straight-line, same state; runner-up Ahmedabad (102 km); HPL puts the town in the same price point as Ahmedabad (102 km)",Inferred Location Match,Confirm,Ahmedabad (102 km),,runner-up Ahmedabad (102 km); HPL puts the town in the same price point as Ahmedabad (102 km),inferred_via_hpl -> Ahmedabad
SURENDRANAGAR,Gujarat,RIL,Rajkot,RAJKOT,100,"100 km straight-line, same state; runner-up Ahmedabad (102 km); HPL puts the town in the same price point as Ahmedabad (102 km)",Inferred Location Match,Confirm,Ahmedabad (102 km),,runner-up Ahmedabad (102 km); HPL puts the town in the same price point as Ahmedabad (102 km),inferred_via_hpl -> AHMEDABAD
SURENDRANAGAR,Gujarat,HMEL,Rajkot,Rajkot,100,"100 km straight-line, same state; runner-up Ahmedabad (102 km); HPL puts the town in the same price point as Ahmedabad (102 km)",Inferred Location Match,Confirm,Ahmedabad (102 km),,runner-up Ahmedabad (102 km); HPL puts the town in the same price point as Ahmedabad (102 km),inferred_via_hpl -> Ahmedabad
SURENDRANAGAR,Gujarat,HPL,Ahmedabad,Gujarat_Ahmedabad,102,"102 km, HPL's own territory list (Annexure V): listed district -> Gujarat_Ahmedabad",Territory Match,Approved for Phase 1,,,,published_map -> Gujarat_Ahmedabad
SURENDRANAGAR,Gujarat,OPaL,Rajkot,Rajkot,100,"100 km straight-line, same state; runner-up Ahmedabad (102 km); HPL puts the town in the same price point as Ahmedabad (102 km)",Inferred Location Match,Confirm,Ahmedabad (102 km),,runner-up Ahmedabad (102 km); HPL puts the town in the same price point as Ahmedabad (102 km),inferred_via_hpl -> Ahmedabad
SURYAPET,Telangana,HMEL,Kodar,Kodad,40,"40 km straight-line, same state; HPL Annexure V puts both in one price point",Inferred Location Match,Approved for Phase 1 (HPL-corroborated),,,,unresolved
TALOJA,Maharashtra,IOCL,Mumbai,Mumbai,23,"23 km straight-line, same state; HPL Annexure V puts both in one price point",Inferred Location Match,Approved for Phase 1 (HPL-corroborated),,,,unresolved
TALOJA,Maharashtra,RIL,Mumbai,MUMBAI,23,"23 km straight-line, same state; HPL Annexure V puts both in one price point",Inferred Location Match,Approved for Phase 1 (HPL-corroborated),,,,unresolved
TALOJA,Maharashtra,HMEL,Mumbai,Mumbai,23,"23 km straight-line, same state; HPL Annexure V puts both in one price point",Inferred Location Match,Approved for Phase 1 (HPL-corroborated),,,,unresolved
TALOJA,Maharashtra,HPL,Mumbai,Maharashtra_Mumbai,23,"23 km, HPL's own territory list (Annexure V): Raigarh district -> Maharashtra_Mumbai",Territory Match,Approved for Phase 1,,,,unresolved
TALOJA,Maharashtra,OPaL,Navi Mumbai,Navi Mumbai,10,"10 km straight-line, same state; HPL Annexure V puts both in one price point",Inferred Location Match,Approved for Phase 1 (HPL-corroborated),,,,unresolved
TARAPUR,Maharashtra,IOCL,Mumbai,Mumbai,91,"91 km straight-line, same state; HPL Annexure V puts both in one price point",Inferred Location Match,Approved for Phase 1 (HPL-corroborated),,,,unresolved
TARAPUR,Maharashtra,RIL,Mumbai,MUMBAI,91,"91 km straight-line, same state; HPL Annexure V puts both in one price point",Inferred Location Match,Approved for Phase 1 (HPL-corroborated),,,,unresolved
TARAPUR,Maharashtra,HMEL,Bhiwandi,Bhiwandi,74,"74 km straight-line, same state; HPL Annexure V puts both in one price point",Inferred Location Match,Approved for Phase 1 (HPL-corroborated),,,,unresolved
TARAPUR,Maharashtra,HPL,Mumbai,Maharashtra_Mumbai,91,"91 km, HPL's own territory list (Annexure V): Palghar district -> Maharashtra_Mumbai",Territory Match,Approved for Phase 1,,,,unresolved
TARAPUR,Maharashtra,OPaL,Bhiwandi,Bhiwandi,74,"74 km straight-line, same state; HPL Annexure V puts both in one price point",Inferred Location Match,Approved for Phase 1 (HPL-corroborated),,,,unresolved
THANE,Maharashtra,IOCL,Mumbai,Mumbai,16,"16 km straight-line, same state; HPL Annexure V puts both in one price point",Inferred Location Match,Approved for Phase 1 (HPL-corroborated),,,,inferred_via_hpl -> Mumbai
THANE,Maharashtra,RIL,Mumbai,MUMBAI,16,"16 km straight-line, same state; HPL Annexure V puts both in one price point",Inferred Location Match,Approved for Phase 1 (HPL-corroborated),,,,inferred_via_hpl -> MUMBAI
THANE,Maharashtra,HMEL,Mumbai,Mumbai,16,"16 km straight-line, same state; HPL Annexure V puts both in one price point",Inferred Location Match,Approved for Phase 1 (HPL-corroborated),,,,inferred_via_hpl -> Mumbai
THANE,Maharashtra,HPL,Mumbai,Maharashtra_Mumbai,16,"16 km, HPL's own territory list (Annexure V): listed district -> Maharashtra_Mumbai",Territory Match,Approved for Phase 1,,,,published_map -> Maharashtra_Mumbai
THANE,Maharashtra,OPaL,Mumbai,Mumbai,16,"16 km straight-line, same state; HPL Annexure V puts both in one price point",Inferred Location Match,Approved for Phase 1 (HPL-corroborated),,,,inferred_via_hpl -> Mumbai
THRISSUR,Kerala,IOCL,Kerala (state-wide zone),Kerala,,zone covers all of Kerala,Territory Match,Approved for Phase 1,,,,unresolved
THRISSUR,Kerala,RIL,Kochi,COCHIN,64,"64 km straight-line, same state",Inferred Location Match,Approved for Phase 1,,,,unresolved
THRISSUR,Kerala,HMEL,Kochi,Cochin,64,"64 km straight-line, same state",Inferred Location Match,Approved for Phase 1,,,,unresolved
THRISSUR,Kerala,HPL,Kerala (state-wide zone),Kerala,,zone covers all of Kerala,Territory Match,Approved for Phase 1,,,,unresolved
THRISSUR,Kerala,OPaL,Kochi,Cochin,64,"64 km straight-line, same state",Inferred Location Match,Approved for Phase 1,,,,unresolved
TINSUKIA,Assam,IOCL,Guwahati,Guwahati,387,"387 km straight-line, same state",Inferred Location Match,No replacement,,,,unresolved
TINSUKIA,Assam,RIL,Guwahati,GUWAHATI,387,"387 km straight-line, same state",Inferred Location Match,No replacement,,,,unresolved
TINSUKIA,Assam,HMEL,Guwahati,Guwahati,387,"387 km straight-line, same state",Inferred Location Match,No replacement,,,,unresolved
TINSUKIA,Assam,HPL,Assam (state-wide zone),Assam,,zone covers all of Assam,Territory Match,Approved for Phase 1,,,,unresolved
TINSUKIA,Assam,OPaL,Barni Hat,Byrnihat,382,382 km straight-line; own-state zone is 387 km away; runner-up Guwahati (387 km); crosses into Meghalaya,Inferred Location Match,No replacement,Guwahati (387 km),yes,own-state zone is 387 km away; runner-up Guwahati (387 km); crosses into Meghalaya,unresolved
TIRUPATHI,Andhra Pradesh,IOCL,Chittoor,Chittoor,59,"59 km straight-line, same state; HPL Annexure V puts both in one price point",Inferred Location Match,Approved for Phase 1 (HPL-corroborated),,,,unresolved
TIRUPATHI,Andhra Pradesh,HPL,Tirupati,Andhra Pradesh_tirupati,0,"0 km, HPL's own territory list (Annexure V): Tirupati district -> Andhra Pradesh_tirupati",Territory Match,Approved for Phase 1,,,,unresolved
TIRUPUR,Tamil Nadu,IOCL,Coimbatore,Coimbatore,44,"44 km straight-line, same state; HPL Annexure V puts both in one price point",Inferred Location Match,Approved for Phase 1 (HPL-corroborated),,,,unresolved
TIRUPUR,Tamil Nadu,RIL,Coimbatore,COIMBATORE,44,"44 km straight-line, same state; HPL Annexure V puts both in one price point",Inferred Location Match,Approved for Phase 1 (HPL-corroborated),,,,unresolved
TIRUPUR,Tamil Nadu,HMEL,Coimbatore,Coimbatore,44,"44 km straight-line, same state; HPL Annexure V puts both in one price point",Inferred Location Match,Approved for Phase 1 (HPL-corroborated),,,,unresolved
TIRUPUR,Tamil Nadu,HPL,Coimbatore,Tamil Nadu_Coimbatore,44,"44 km, HPL's own territory list (Annexure V): Tiruppur district -> Tamil Nadu_Coimbatore",Territory Match,Approved for Phase 1,,,,unresolved
TIRUPUR,Tamil Nadu,OPaL,Coimbatore,Coimbatore,44,"44 km straight-line, same state; HPL Annexure V puts both in one price point",Inferred Location Match,Approved for Phase 1 (HPL-corroborated),,,,unresolved
TRICHY,Tamil Nadu,IOCL,Salem,Salem,110,"110 km straight-line, same state; runner-up Madurai (118 km)",Inferred Location Match,Confirm,Madurai (118 km),,runner-up Madurai (118 km),unresolved
TRICHY,Tamil Nadu,RIL,Karur,KARUR,69,"69 km straight-line, same state",Inferred Location Match,Approved for Phase 1,,,,unresolved
TRICHY,Tamil Nadu,HMEL,Karur,Karur,69,"69 km straight-line, same state",Inferred Location Match,Approved for Phase 1,,,,unresolved
TRICHY,Tamil Nadu,OPaL,Karur,Karur,69,"69 km straight-line, same state",Inferred Location Match,Approved for Phase 1,,,,unresolved
TRIVANDRUM,Kerala,IOCL,Kerala (state-wide zone),Kerala,,zone covers all of Kerala,Territory Match,Approved for Phase 1,,,,unresolved
TRIVANDRUM,Kerala,HPL,Kerala (state-wide zone),Kerala,,zone covers all of Kerala,Territory Match,Approved for Phase 1,,,,unresolved
TUMKUR,Karnataka,IOCL,Bengaluru,Bangalore,67,"67 km straight-line, same state; HPL Annexure V puts both in one price point",Inferred Location Match,Approved for Phase 1 (HPL-corroborated),,,,unresolved
TUMKUR,Karnataka,RIL,Bengaluru,BENGALURU,67,"67 km straight-line, same state; HPL Annexure V puts both in one price point",Inferred Location Match,Approved for Phase 1 (HPL-corroborated),,,,unresolved
TUMKUR,Karnataka,HMEL,Bengaluru,Bengaluru,67,"67 km straight-line, same state; HPL Annexure V puts both in one price point",Inferred Location Match,Approved for Phase 1 (HPL-corroborated),,,,unresolved
TUMKUR,Karnataka,HPL,Bengaluru,Karnataka_Bangalore,67,"67 km, HPL's own territory list (Annexure V): Tumkur district -> Karnataka_Bangalore",Territory Match,Approved for Phase 1,,,,unresolved
TUMKUR,Karnataka,OPaL,Bengaluru,Bengaluru,67,"67 km straight-line, same state; HPL Annexure V puts both in one price point",Inferred Location Match,Approved for Phase 1 (HPL-corroborated),,,,unresolved
TUTICORIN,Tamil Nadu,IOCL,Madurai,Madurai,128,"128 km straight-line, same state; HPL Annexure V puts both in one price point",Inferred Location Match,Approved for Phase 1 (HPL-corroborated),,,,unresolved
TUTICORIN,Tamil Nadu,HPL,Madurai,Tamil Nadu_Madurai,128,"128 km, HPL's own territory list (Annexure V): listed district -> Tamil Nadu_Madurai",Territory Match,Approved for Phase 1,,,,unresolved
UDAIPUR,Rajasthan,HPL,Kota,Rajasthan_Kota,224,"224 km, HPL's own territory list (Annexure V): listed district -> Rajasthan_Kota",Territory Match,Approved for Phase 1,,,,published_map -> Rajasthan_Kota
UJJAIN,Madhya Pradesh,IOCL,Indore,Indore,52,"52 km straight-line, same state; HPL Annexure V puts both in one price point",Inferred Location Match,Approved for Phase 1 (HPL-corroborated),,,,inferred_via_hpl -> Indore
UJJAIN,Madhya Pradesh,RIL,Indore,INDORE,52,"52 km straight-line, same state; HPL Annexure V puts both in one price point",Inferred Location Match,Approved for Phase 1 (HPL-corroborated),,,,inferred_via_hpl -> INDORE
UJJAIN,Madhya Pradesh,HMEL,Indore,Indore,52,"52 km straight-line, same state; HPL Annexure V puts both in one price point",Inferred Location Match,Approved for Phase 1 (HPL-corroborated),,,,inferred_via_hpl -> Indore
UJJAIN,Madhya Pradesh,HPL,Indore,Madhya Pradesh_Indore,52,"52 km, HPL's own territory list (Annexure V): listed district -> Madhya Pradesh_Indore",Territory Match,Approved for Phase 1,,,,published_map -> Madhya Pradesh_Indore
UJJAIN,Madhya Pradesh,OPaL,Indore,Indore,52,"52 km straight-line, same state; HPL Annexure V puts both in one price point",Inferred Location Match,Approved for Phase 1 (HPL-corroborated),,,,inferred_via_hpl -> Indore
UMBERGAON,Gujarat,IOCL,Surat,Surat,105,"105 km straight-line, same state; HPL Annexure V puts both in one price point; approx. town location",Inferred Location Match,Approved for Phase 1 (HPL-corroborated),,,approx. town location,unresolved
UMBERGAON,Gujarat,RIL,Surat,SURAT,105,"105 km straight-line, same state; HPL Annexure V puts both in one price point; approx. town location",Inferred Location Match,Approved for Phase 1 (HPL-corroborated),,,approx. town location,unresolved
UMBERGAON,Gujarat,HMEL,Valsad,Valsad,41,"41 km straight-line, same state; HPL Annexure V puts both in one price point; approx. town location",Inferred Location Match,Approved for Phase 1 (HPL-corroborated),,,approx. town location,unresolved
UMBERGAON,Gujarat,HPL,Surat,Gujarat_Surat,105,"105 km, HPL's own territory list (Annexure V): Valsād district -> Gujarat_Surat",Territory Match,Approved for Phase 1,,,,unresolved
UMBERGAON,Gujarat,OPaL,Valsad,Valsad,41,"41 km straight-line, same state; HPL Annexure V puts both in one price point; approx. town location",Inferred Location Match,Approved for Phase 1 (HPL-corroborated),,,approx. town location,unresolved
VALSAD,Gujarat,IOCL,Surat,Surat,66,"66 km straight-line, same state; HPL Annexure V puts both in one price point",Inferred Location Match,Approved for Phase 1 (HPL-corroborated),,,,inferred_via_hpl -> Surat
VALSAD,Gujarat,RIL,Surat,SURAT,66,"66 km straight-line, same state; HPL Annexure V puts both in one price point",Inferred Location Match,Approved for Phase 1 (HPL-corroborated),,,,inferred_via_hpl -> SURAT
VALSAD,Gujarat,HPL,Surat,Gujarat_Surat,66,"66 km, HPL's own territory list (Annexure V): listed district -> Gujarat_Surat",Territory Match,Approved for Phase 1,,,,published_map -> Gujarat_Surat
VAPI,Gujarat,IOCL,Surat,Surat,92,"92 km straight-line, same state; HPL Annexure V puts both in one price point",Inferred Location Match,Approved for Phase 1 (HPL-corroborated),,,,unresolved
VAPI,Gujarat,RIL,Surat,SURAT,92,"92 km straight-line, same state; HPL Annexure V puts both in one price point",Inferred Location Match,Approved for Phase 1 (HPL-corroborated),,,,unresolved
VAPI,Gujarat,HMEL,Valsad,Valsad,27,"27 km straight-line, same state; HPL Annexure V puts both in one price point",Inferred Location Match,Approved for Phase 1 (HPL-corroborated),,,,unresolved
VAPI,Gujarat,HPL,Surat,Gujarat_Surat,92,"92 km, HPL's own territory list (Annexure V): Valsad district -> Gujarat_Surat",Territory Match,Approved for Phase 1,,,,unresolved
VAPI,Gujarat,OPaL,Valsad,Valsad,27,"27 km straight-line, same state; HPL Annexure V puts both in one price point",Inferred Location Match,Approved for Phase 1 (HPL-corroborated),,,,unresolved
VARANASI,Uttar Pradesh,IOCL,Chandauli,Chandauli,27,"27 km straight-line, same state; HPL Annexure V puts both in one price point",Inferred Location Match,Approved for Phase 1 (HPL-corroborated),,,,unresolved
VERAWAL,Gujarat,IOCL,Rajkot,Rajkot,160,"160 km straight-line, same state; HPL Annexure V puts both in one price point",Inferred Location Match,Approved for Phase 1 (HPL-corroborated),,,,unresolved
VERAWAL,Gujarat,RIL,Rajkot,RAJKOT,160,"160 km straight-line, same state; HPL Annexure V puts both in one price point",Inferred Location Match,Approved for Phase 1 (HPL-corroborated),,,,unresolved
VERAWAL,Gujarat,HMEL,Porbandar,Porbandar,113,"113 km straight-line, same state; HPL Annexure V puts both in one price point",Inferred Location Match,Approved for Phase 1 (HPL-corroborated),,,,unresolved
VERAWAL,Gujarat,HPL,Rajkot,Gujarat_Rajkot,160,"160 km, HPL's own territory list (Annexure V): Gir Somnath district -> Gujarat_Rajkot",Territory Match,Approved for Phase 1,,,,unresolved
VERAWAL,Gujarat,OPaL,Rajkot,Rajkot,160,"160 km straight-line, same state; HPL Annexure V puts both in one price point",Inferred Location Match,Approved for Phase 1 (HPL-corroborated),,,,unresolved
VIJAYAPURA,Karnataka,IOCL,Dharwad,Dharwad,169,"169 km straight-line, same state",Inferred Location Match,Confirm,,,,unresolved
VIJAYAPURA,Karnataka,RIL,Hubballi,HUBLI,176,"176 km straight-line, same state; a zone across the border is 1.5x+ closer: Sholapur, Maharashtra (96 km) vs 176 km in-state",Inferred Location Match,Confirm,Sholapur (96 km),,"a zone across the border is 1.5x+ closer: Sholapur, Maharashtra (96 km) vs 176 km in-state",unresolved
VIJAYAPURA,Karnataka,HMEL,Hubballi,Hubli,176,"176 km straight-line, same state",Inferred Location Match,Confirm,,,,unresolved
VIJAYAPURA,Karnataka,HPL,Ballari,Karnataka_Bellary,227,"227 km, HPL's own territory list (Annexure V): Bijāpur district -> Karnataka_Bellary",Territory Match,Approved for Phase 1,,,,unresolved
VIJAYAPURA,Karnataka,OPaL,Kalaburagi,Gulbarga,132,"132 km straight-line, same state; HPL Annexure V puts both in one price point",Inferred Location Match,Approved for Phase 1 (HPL-corroborated),,,,unresolved
VIJAYWADA,Andhra Pradesh,IOCL,Guntur,Guntur,31,"31 km straight-line, same state; HPL Annexure V puts both in one price point",Inferred Location Match,Approved for Phase 1 (HPL-corroborated),,,,unresolved
VIJAYWADA,Andhra Pradesh,RIL,Vijayawada,VIJAYAWADA,0,"same place, different label/spelling (0 km)",Inferred Location Match,Approved for Phase 1,,,,unresolved
VIJAYWADA,Andhra Pradesh,HMEL,Vijayawada,Vijayawada,0,"same place, different label/spelling (0 km)",Inferred Location Match,Approved for Phase 1,,,,unresolved
VIJAYWADA,Andhra Pradesh,HPL,Guntur,Andhra Pradesh_Guntur,31,"31 km, HPL's own territory list (Annexure V): NTR district -> Andhra Pradesh_Guntur",Territory Match,Approved for Phase 1,,,,unresolved
VILLUPURAM,Tamil Nadu,IOCL,Puducherry,Pondicherry,37,37 km straight-line; own-state zone is 149 km away; HPL puts the town in the same price point as Chennai (154 km); crosses into Puducherry,Inferred Location Match,Confirm,Chennai (154 km),yes,own-state zone is 149 km away; HPL puts the town in the same price point as Chennai (154 km); crosses into Puducherry,unresolved
VILLUPURAM,Tamil Nadu,RIL,Puducherry,PONDICHERY,37,37 km straight-line; own-state zone is 149 km away; HPL puts the town in the same price point as Chennai (154 km); crosses into Puducherry,Inferred Location Match,Confirm,Chennai (154 km),yes,own-state zone is 149 km away; HPL puts the town in the same price point as Chennai (154 km); crosses into Puducherry,unresolved
VILLUPURAM,Tamil Nadu,HMEL,Chennai,Chennai,154,"154 km straight-line, same state; HPL Annexure V puts both in one price point",Inferred Location Match,Approved for Phase 1 (HPL-corroborated),,,,unresolved
VILLUPURAM,Tamil Nadu,HPL,Chennai,Tamil Nadu_Chennai,154,"154 km, HPL's own territory list (Annexure V): Villupuram district -> Tamil Nadu_Chennai",Territory Match,Approved for Phase 1,,,,unresolved
VILLUPURAM,Tamil Nadu,OPaL,Puducherry,Pondichery,37,37 km straight-line; own-state zone is 149 km away; HPL puts the town in the same price point as Chennai (154 km); crosses into Puducherry,Inferred Location Match,Confirm,Chennai (154 km),yes,own-state zone is 149 km away; HPL puts the town in the same price point as Chennai (154 km); crosses into Puducherry,unresolved
VIRAMGAM,Gujarat,IOCL,Ahmedabad,Ahmedabad,56,"56 km straight-line, same state; HPL Annexure V puts both in one price point",Inferred Location Match,Approved for Phase 1 (HPL-corroborated),,,,unresolved
VIRAMGAM,Gujarat,RIL,Ahmedabad,AHMEDABAD,56,"56 km straight-line, same state; HPL Annexure V puts both in one price point",Inferred Location Match,Approved for Phase 1 (HPL-corroborated),,,,unresolved
VIRAMGAM,Gujarat,HMEL,Ahmedabad,Ahmedabad,56,"56 km straight-line, same state; HPL Annexure V puts both in one price point",Inferred Location Match,Approved for Phase 1 (HPL-corroborated),,,,unresolved
VIRAMGAM,Gujarat,HPL,Ahmedabad,Gujarat_Ahmedabad,56,"56 km, HPL's own territory list (Annexure V): Ahmedabad district -> Gujarat_Ahmedabad",Territory Match,Approved for Phase 1,,,,unresolved
VIRAMGAM,Gujarat,OPaL,Kalol,Kalol (Mehsana),47,"47 km straight-line, same state; HPL Annexure V puts both in one price point",Inferred Location Match,Approved for Phase 1 (HPL-corroborated),,,,unresolved
VISNAGAR,Gujarat,IOCL,Mahesana,Mehsana,20,"20 km straight-line, same state; HPL Annexure V puts both in one price point",Inferred Location Match,Approved for Phase 1 (HPL-corroborated),,,,unresolved
VISNAGAR,Gujarat,RIL,Ahmedabad,AHMEDABAD,75,"75 km straight-line, same state",Inferred Location Match,Approved for Phase 1,,,,unresolved
VISNAGAR,Gujarat,HMEL,Mahesana,Mehsana,20,"20 km straight-line, same state; HPL Annexure V puts both in one price point",Inferred Location Match,Approved for Phase 1 (HPL-corroborated),,,,unresolved
VISNAGAR,Gujarat,HPL,Mahesana,Gujarat_Mehsana,20,"20 km, HPL's own territory list (Annexure V): Mahesāna district -> Gujarat_Mehsana",Territory Match,Approved for Phase 1,,,,unresolved
VISNAGAR,Gujarat,OPaL,Kalol,Kalol (Mehsana),51,"51 km straight-line, same state",Inferred Location Match,Approved for Phase 1,,,,unresolved
VIZAG,Andhra Pradesh,RIL,Visakhapatnam,VISHAKAPATNAM,0,"same place, different label/spelling (0 km)",Inferred Location Match,Approved for Phase 1,,,,unresolved
VIZAG,Andhra Pradesh,HMEL,Visakhapatnam,Vishakapatnam,0,"same place, different label/spelling (0 km)",Inferred Location Match,Approved for Phase 1,,,,unresolved
VIZAG,Andhra Pradesh,OPaL,Visakhapatnam,Vishakhapatnam,0,"same place, different label/spelling (0 km)",Inferred Location Match,Approved for Phase 1,,,,unresolved
WAGHODIA,Gujarat,IOCL,Vadodara,Vadodara,20,"20 km straight-line, same state; HPL Annexure V puts both in one price point",Inferred Location Match,Approved for Phase 1 (HPL-corroborated),,,,unresolved
WAGHODIA,Gujarat,RIL,Vadodara,BARODA,20,"20 km straight-line, same state; HPL Annexure V puts both in one price point",Inferred Location Match,Approved for Phase 1 (HPL-corroborated),,,,unresolved
WAGHODIA,Gujarat,HMEL,Vadodara,Vadodara,20,"20 km straight-line, same state; HPL Annexure V puts both in one price point",Inferred Location Match,Approved for Phase 1 (HPL-corroborated),,,,unresolved
WAGHODIA,Gujarat,HPL,Vadodara,Gujarat_Vadodara,20,"20 km, HPL's own territory list (Annexure V): Vadodara district -> Gujarat_Vadodara",Territory Match,Approved for Phase 1,,,,unresolved
WAGHODIA,Gujarat,OPaL,Vadodara,Vadodara,20,"20 km straight-line, same state; HPL Annexure V puts both in one price point",Inferred Location Match,Approved for Phase 1 (HPL-corroborated),,,,unresolved
WAI,Maharashtra,IOCL,Pune,Pune,63,"63 km straight-line, same state; HPL puts the town in the same price point as Kolhapur (144 km)",Inferred Location Match,Confirm,Kolhapur (144 km),,HPL puts the town in the same price point as Kolhapur (144 km),unresolved
WAI,Maharashtra,RIL,Satara,SATARA,32,"32 km straight-line, same state; HPL Annexure V puts both in one price point",Inferred Location Match,Approved for Phase 1 (HPL-corroborated),,,,unresolved
WAI,Maharashtra,HMEL,Pune,Pune,63,"63 km straight-line, same state; HPL puts the town in the same price point as Kolhapur (144 km)",Inferred Location Match,Confirm,Kolhapur (144 km),,HPL puts the town in the same price point as Kolhapur (144 km),unresolved
WAI,Maharashtra,HPL,Kolhapur,Maharashtra_Kolhapur,144,"144 km, HPL's own territory list (Annexure V): Satara district -> Maharashtra_Kolhapur",Territory Match,Approved for Phase 1,,,,unresolved
WAI,Maharashtra,OPaL,Pune,Pune,63,"63 km straight-line, same state; HPL puts the town in the same price point as Kolhapur (144 km)",Inferred Location Match,Confirm,Kolhapur (144 km),,HPL puts the town in the same price point as Kolhapur (144 km),unresolved
WANI,Maharashtra,IOCL,Nagpur,Nagpur,122,"122 km straight-line, same state; HPL Annexure V puts both in one price point",Inferred Location Match,Approved for Phase 1 (HPL-corroborated),,,,unresolved
WANI,Maharashtra,RIL,Nagpur,NAGPUR,122,"122 km straight-line, same state; HPL Annexure V puts both in one price point",Inferred Location Match,Approved for Phase 1 (HPL-corroborated),,,,unresolved
WANI,Maharashtra,HMEL,Nagpur,Nagpur,122,"122 km straight-line, same state; HPL Annexure V puts both in one price point",Inferred Location Match,Approved for Phase 1 (HPL-corroborated),,,,unresolved
WANI,Maharashtra,HPL,Nagpur,Maharashtra_Nagpur,122,"122 km, HPL's own territory list (Annexure V): Yavatmal district -> Maharashtra_Nagpur",Territory Match,Approved for Phase 1,,,,unresolved
WANI,Maharashtra,OPaL,Nagpur,Nagpur,122,"122 km straight-line, same state; HPL Annexure V puts both in one price point",Inferred Location Match,Approved for Phase 1 (HPL-corroborated),,,,unresolved
WARANGAL,Telangana,IOCL,Suriapet,Suryapet,96,"96 km straight-line, same state; HPL puts the town in the same price point as Rangareddi (170 km)",Inferred Location Match,Confirm,Rangareddi (170 km),,HPL puts the town in the same price point as Rangareddi (170 km),unresolved
WARANGAL,Telangana,RIL,Suriapet,SURYAPET,96,"96 km straight-line, same state; HPL puts the town in the same price point as Hyderabad (138 km)",Inferred Location Match,Confirm,Hyderabad (138 km),,HPL puts the town in the same price point as Hyderabad (138 km),unresolved
WARANGAL,Telangana,HMEL,Kodar,Kodad,119,"119 km straight-line, same state; HPL puts the town in the same price point as Hyderabad (138 km)",Inferred Location Match,Confirm,Hyderabad (138 km),,HPL puts the town in the same price point as Hyderabad (138 km),unresolved
WARANGAL,Telangana,HPL,Hyderabad,Telangana_Hyderabad,138,"138 km, HPL's own territory list (Annexure V): Hanamkonda district -> Telangana_Hyderabad",Territory Match,Approved for Phase 1,,,,unresolved
WARANGAL,Telangana,OPaL,Suriapet,Suryapet,96,"96 km straight-line, same state; HPL puts the town in the same price point as Hyderabad (138 km)",Inferred Location Match,Confirm,Hyderabad (138 km),,HPL puts the town in the same price point as Hyderabad (138 km),unresolved
WARDHA,Maharashtra,IOCL,Nagpur,Nagpur,68,"68 km straight-line, same state; HPL Annexure V puts both in one price point",Inferred Location Match,Approved for Phase 1 (HPL-corroborated),,,,unresolved
WARDHA,Maharashtra,RIL,Nagpur,NAGPUR,68,"68 km straight-line, same state; HPL Annexure V puts both in one price point",Inferred Location Match,Approved for Phase 1 (HPL-corroborated),,,,unresolved
WARDHA,Maharashtra,HMEL,Nagpur,Nagpur,68,"68 km straight-line, same state; HPL Annexure V puts both in one price point",Inferred Location Match,Approved for Phase 1 (HPL-corroborated),,,,unresolved
WARDHA,Maharashtra,HPL,Nagpur,Maharashtra_Nagpur,68,"68 km, HPL's own territory list (Annexure V): Wardha district -> Maharashtra_Nagpur",Territory Match,Approved for Phase 1,,,,unresolved
WARDHA,Maharashtra,OPaL,Nagpur,Nagpur,68,"68 km straight-line, same state; HPL Annexure V puts both in one price point",Inferred Location Match,Approved for Phase 1 (HPL-corroborated),,,,unresolved
YAMUNANAGAR,Haryana,IOCL,Panipat,Panipat,88,"88 km straight-line, same state; HPL Annexure V puts both in one price point",Inferred Location Match,Approved for Phase 1 (HPL-corroborated),,,,inferred_via_hpl -> Panipat
YAMUNANAGAR,Haryana,RIL,Panipat,PANIPAT,88,"88 km straight-line, same state; HPL Annexure V puts both in one price point",Inferred Location Match,Approved for Phase 1 (HPL-corroborated),,,,inferred_via_hpl -> PANIPAT
YAMUNANAGAR,Haryana,HMEL,Panipat,Panipat,88,"88 km straight-line, same state; HPL Annexure V puts both in one price point",Inferred Location Match,Approved for Phase 1 (HPL-corroborated),,,,inferred_via_hpl -> Panipat
YAMUNANAGAR,Haryana,HPL,Panipat,Haryana_Panipat,88,"88 km, HPL's own territory list (Annexure V): listed district -> Haryana_Panipat",Territory Match,Approved for Phase 1,,,,published_map -> Haryana_Panipat
YAMUNANAGAR,Haryana,OPaL,Panipat,Panipat,88,"88 km straight-line, same state; HPL Annexure V puts both in one price point",Inferred Location Match,Approved for Phase 1 (HPL-corroborated),,,,inferred_via_hpl -> Panipat
YANAM,Puducherry,IOCL,Visakhapatnam,Visak,148,148 km straight-line; own-state zone is 593 km away; crosses into Andhra Pradesh; approx. town location,Inferred Location Match,Confirm,,yes,own-state zone is 593 km away; crosses into Andhra Pradesh; approx. town location,unresolved
YANAM,Puducherry,RIL,Visakhapatnam,VISHAKAPATNAM,148,148 km straight-line; own-state zone is 593 km away; runner-up Vijayawada (169 km); crosses into Andhra Pradesh; approx. town location,Inferred Location Match,Confirm,Vijayawada (169 km),yes,own-state zone is 593 km away; runner-up Vijayawada (169 km); crosses into Andhra Pradesh; approx. town location,unresolved
YANAM,Puducherry,HMEL,Visakhapatnam,Vishakapatnam,148,148 km straight-line; own-state zone is 593 km away; runner-up Vijayawada (169 km); crosses into Andhra Pradesh; approx. town location,Inferred Location Match,Confirm,Vijayawada (169 km),yes,own-state zone is 593 km away; runner-up Vijayawada (169 km); crosses into Andhra Pradesh; approx. town location,unresolved
YANAM,Puducherry,HPL,Visakhapatnam,Andhra Pradesh_Vizag,148,148 km straight-line; own-state zone is 593 km away; crosses into Andhra Pradesh; approx. town location,Inferred Location Match,Confirm,,yes,own-state zone is 593 km away; crosses into Andhra Pradesh; approx. town location,unresolved
YAWATMAL,Maharashtra,IOCL,Nagpur,Nagpur,130,"130 km straight-line, same state; HPL Annexure V puts both in one price point",Inferred Location Match,Approved for Phase 1 (HPL-corroborated),,,,unresolved
YAWATMAL,Maharashtra,RIL,Nagpur,NAGPUR,130,"130 km straight-line, same state; HPL Annexure V puts both in one price point",Inferred Location Match,Approved for Phase 1 (HPL-corroborated),,,,unresolved
YAWATMAL,Maharashtra,HMEL,Nagpur,Nagpur,130,"130 km straight-line, same state; HPL Annexure V puts both in one price point",Inferred Location Match,Approved for Phase 1 (HPL-corroborated),,,,unresolved
YAWATMAL,Maharashtra,HPL,Nagpur,Maharashtra_Nagpur,130,"130 km, HPL's own territory list (Annexure V): Yavatmal district -> Maharashtra_Nagpur",Territory Match,Approved for Phase 1,,,,unresolved
YAWATMAL,Maharashtra,OPaL,Nagpur,Nagpur,130,"130 km straight-line, same state; HPL Annexure V puts both in one price point",Inferred Location Match,Approved for Phase 1 (HPL-corroborated),,,,unresolved
